"","X","fixed.acidity","volatile.acidity","citric.acid","residual.sugar","chlorides","free.sulfur.dioxide","total.sulfur.dioxide","density","pH","sulphates","alcohol","quality","Outcome"
"188",188,7.7,0.705,0.1,2.6,0.084,9,26,0.9976,3.39,0.49,9.7,5,"poor"
"417",417,10.6,0.48,0.64,2.2,0.111,6,20,0.997,3.26,0.66,11.7,6,"fine"
"1392",1392,8,0.64,0.22,2.4,0.094,5,33,0.99612,3.37,0.58,11,5,"poor"
"875",875,10.4,0.38,0.46,2.1,0.104,6,10,0.99664,3.12,0.65,11.8,7,"fine"
"519",519,10.9,0.21,0.49,2.8,0.088,11,32,0.9972,3.22,0.68,11.7,6,"fine"
"432",432,7.8,0.55,0.35,2.2,0.074,21,66,0.9974,3.25,0.56,9.2,5,"poor"
"1193",1193,7.2,0.25,0.37,2.5,0.063,11,41,0.99439,3.52,0.8,12.4,7,"fine"
"1419",1419,7.8,0.53,0.01,1.6,0.077,3,19,0.995,3.16,0.46,9.8,5,"poor"
"1001",1001,7.5,0.43,0.3,2.2,0.062,6,12,0.99495,3.44,0.72,11.5,7,"fine"
"154",154,7.5,0.6,0.03,1.8,0.095,25,99,0.995,3.35,0.54,10.1,5,"poor"
"1527",1527,6.8,0.47,0.08,2.2,0.064,18,38,0.99553,3.3,0.65,9.6,6,"fine"
"937",937,8.8,0.3,0.38,2.3,0.06,19,72,0.99543,3.39,0.72,11.8,6,"fine"
"423",423,7.7,0.96,0.2,2,0.047,15,60,0.9955,3.36,0.44,10.9,5,"poor"
"240",240,8.2,1,0.09,2.3,0.065,7,37,0.99685,3.32,0.55,9,6,"fine"
"396",396,12,0.37,0.76,4.2,0.066,7,38,1.0004,3.22,0.6,13,7,"fine"
"431",431,10.5,0.24,0.47,2.1,0.066,6,24,0.9978,3.15,0.9,11,7,"fine"
"1064",1064,10.2,0.29,0.65,2.4,0.075,6,17,0.99565,3.22,0.63,11.8,6,"fine"
"1405",1405,8,0.5,0.39,2.6,0.082,12,46,0.9985,3.43,0.62,10.7,6,"fine"
"1267",1267,7.2,0.57,0.05,2.3,0.081,16,36,0.99564,3.38,0.6,10.3,6,"fine"
"152",152,9.2,0.52,1,3.4,0.61,32,69,0.9996,2.74,2,9.4,4,"poor"
"955",955,7.6,0.43,0.4,2.7,0.082,6,11,0.99538,3.44,0.54,12.2,6,"fine"
"935",935,6.6,0.61,0.01,1.9,0.08,8,25,0.99746,3.69,0.73,10.5,5,"poor"
"224",224,8.6,0.645,0.25,2,0.083,8,28,0.99815,3.28,0.6,10,6,"fine"
"888",888,10.7,0.52,0.38,2.6,0.066,29,56,0.99577,3.15,0.79,12.1,7,"fine"
"1547",1547,7,0.57,0.02,2,0.072,17,26,0.99575,3.36,0.61,10.2,5,"poor"
"74",74,8.3,0.675,0.26,2.1,0.084,11,43,0.9976,3.31,0.53,9.2,4,"poor"
"366",366,10,0.42,0.5,3.4,0.107,7,21,0.9979,3.26,0.93,11.8,6,"fine"
"43",43,7.5,0.49,0.2,2.6,0.332,8,14,0.9968,3.21,0.9,10.5,6,"fine"
"1466",1466,6.8,0.59,0.1,1.7,0.063,34,53,0.9958,3.41,0.67,9.7,5,"poor"
"143",143,5.2,0.34,0,1.8,0.05,27,63,0.9916,3.68,0.79,14,6,"fine"
"887",887,9,0.8,0.12,2.4,0.083,8,28,0.99836,3.33,0.65,10.4,6,"fine"
"253",253,11.1,0.35,0.48,3.1,0.09,5,21,0.9986,3.17,0.53,10.5,5,"poor"
"642",642,9.5,0.59,0.44,2.3,0.071,21,68,0.9992,3.46,0.63,9.5,5,"poor"
"880",880,7.2,0.6,0.04,2.5,0.076,18,88,0.99745,3.53,0.55,9.5,5,"poor"
"1059",1059,9.9,0.53,0.57,2.4,0.093,30,52,0.9971,3.19,0.76,11.6,7,"fine"
"926",926,8.6,0.22,0.36,1.9,0.064,53,77,0.99604,3.47,0.87,11,7,"fine"
"412",412,9.1,0.45,0.35,2.4,0.08,23,78,0.9987,3.38,0.62,9.5,5,"poor"
"758",758,8.1,0.87,0,2.2,0.084,10,31,0.99656,3.25,0.5,9.8,5,"poor"
"1017",1017,8.9,0.38,0.4,2.2,0.068,12,28,0.99486,3.27,0.75,12.6,7,"fine"
"39",39,5.7,1.13,0.09,1.5,0.172,7,19,0.994,3.5,0.48,9.8,4,"poor"
"1430",1430,7.9,0.18,0.4,2.2,0.049,38,67,0.996,3.33,0.93,11.3,5,"poor"
"560",560,13,0.47,0.49,4.3,0.085,6,47,1.0021,3.3,0.68,12.7,6,"fine"
"696",696,5.1,0.47,0.02,1.3,0.034,18,44,0.9921,3.9,0.62,12.8,6,"fine"
"1084",1084,8.7,0.42,0.45,2.4,0.072,32,59,0.99617,3.33,0.77,12,6,"fine"
"574",574,10.5,0.59,0.49,2.1,0.07,14,47,0.9991,3.3,0.56,9.6,4,"poor"
"62",62,7.7,0.69,0.49,1.8,0.115,20,112,0.9968,3.21,0.71,9.3,5,"poor"
"307",307,7.6,0.62,0.32,2.2,0.082,7,54,0.9966,3.36,0.52,9.4,5,"poor"
"183",183,7.2,0.73,0.02,2.5,0.076,16,42,0.9972,3.44,0.52,9.3,5,"poor"
"159",159,7.1,0.68,0,2.2,0.073,12,22,0.9969,3.48,0.5,9.3,5,"poor"
"252",252,7.1,0.6,0,1.8,0.074,16,34,0.9972,3.47,0.7,9.9,6,"fine"
"446",446,9.5,0.735,0.1,2.1,0.079,6,31,0.9986,3.23,0.56,10.1,6,"fine"
"1089",1089,11.6,0.41,0.54,1.5,0.095,22,41,0.99735,3.02,0.76,9.9,7,"fine"
"1117",1117,7,0.69,0.07,2.5,0.091,15,21,0.99572,3.38,0.6,11.3,6,"fine"
"1330",1330,7.4,0.6,0.26,2.1,0.083,17,91,0.99616,3.29,0.56,9.8,6,"fine"
"816",816,10.8,0.45,0.33,2.5,0.099,20,38,0.99818,3.24,0.71,10.8,5,"poor"
"861",861,7.2,0.62,0.06,2.7,0.077,15,85,0.99746,3.51,0.54,9.5,5,"poor"
"981",981,9.1,0.5,0.3,1.9,0.065,8,17,0.99774,3.32,0.71,10.5,6,"fine"
"1391",1391,6,0.49,0,2.3,0.068,15,33,0.99292,3.58,0.59,12.5,6,"fine"
"1331",1331,7.4,0.6,0.26,2.1,0.083,17,91,0.99616,3.29,0.56,9.8,6,"fine"
"103",103,8.1,0.545,0.18,1.9,0.08,13,35,0.9972,3.3,0.59,9,6,"fine"
"504",504,10.5,0.26,0.47,1.9,0.078,6,24,0.9976,3.18,1.04,10.9,7,"fine"
"749",749,7.2,0.5,0.18,2.1,0.071,12,31,0.99761,3.52,0.72,9.6,6,"fine"
"795",795,10.1,0.27,0.54,2.3,0.065,7,26,0.99531,3.17,0.53,12.5,6,"fine"
"1285",1285,7,0.42,0.19,2.3,0.071,18,36,0.99476,3.39,0.56,10.9,5,"poor"
"1269",1269,6.9,0.41,0.31,2,0.079,21,51,0.99668,3.47,0.55,9.5,6,"fine"
"1280",1280,9.8,0.3,0.39,1.7,0.062,3,9,0.9948,3.14,0.57,11.5,7,"fine"
"233",233,8.5,0.37,0.2,2.8,0.09,18,58,0.998,3.34,0.7,9.6,6,"fine"
"177",177,7.3,0.38,0.21,2,0.08,7,35,0.9961,3.33,0.47,9.5,5,"poor"
"160",160,6.8,0.6,0.18,1.9,0.079,18,86,0.9968,3.59,0.57,9.3,6,"fine"
"647",647,7.3,0.67,0.05,3.6,0.107,6,20,0.9972,3.4,0.63,10.1,5,"poor"
"1561",1561,7.8,0.6,0.26,2,0.08,31,131,0.99622,3.21,0.52,9.9,5,"poor"
"977",977,7.2,0.41,0.3,2.1,0.083,35,72,0.997,3.44,0.52,9.4,5,"poor"
"960",960,8,0.59,0.05,2,0.089,12,32,0.99735,3.36,0.61,10,5,"poor"
"963",963,6.6,0.57,0.02,2.1,0.115,6,16,0.99654,3.38,0.69,9.5,5,"poor"
"491",491,9.3,0.775,0.27,2.8,0.078,24,56,0.9984,3.31,0.67,10.6,6,"fine"
"858",858,8.2,0.26,0.34,2.5,0.073,16,47,0.99594,3.4,0.78,11.3,7,"fine"
"238",238,7.2,0.645,0,1.9,0.097,15,39,0.99675,3.37,0.58,9.2,6,"fine"
"357",357,11.5,0.41,0.52,3,0.08,29,55,1.0001,3.26,0.88,11,5,"poor"
"1344",1344,7.5,0.51,0.02,1.7,0.084,13,31,0.99538,3.36,0.54,10.5,6,"fine"
"603",603,7.7,0.835,0,2.6,0.081,6,14,0.9975,3.3,0.52,9.3,5,"poor"
"658",658,12,0.5,0.59,1.4,0.073,23,42,0.998,2.92,0.68,10.5,7,"fine"
"1587",1587,7.5,0.31,0.41,2.4,0.065,34,60,0.99492,3.34,0.85,11.4,6,"fine"
"1476",1476,5.3,0.47,0.11,2.2,0.048,16,89,0.99182,3.54,0.88,13.5666666666667,7,"fine"
"541",541,9.2,0.59,0.24,3.3,0.101,20,47,0.9988,3.26,0.67,9.6,5,"poor"
"1021",1021,11.3,0.36,0.66,2.4,0.123,3,8,0.99642,3.2,0.53,11.9,6,"fine"
"271",271,7.9,0.545,0.06,4,0.087,27,61,0.9965,3.36,0.67,10.7,6,"fine"
"385",385,7.7,0.51,0.28,2.1,0.087,23,54,0.998,3.42,0.74,9.2,5,"poor"
"1408",1408,6,0.51,0,2.1,0.064,40,54,0.995,3.54,0.93,10.7,6,"fine"
"1473",1473,7.6,0.35,0.6,2.6,0.073,23,44,0.99656,3.38,0.79,11.1,6,"fine"
"606",606,8.3,0.6,0.13,2.6,0.085,6,24,0.9984,3.31,0.59,9.2,6,"fine"
"563",563,9,0.54,0.49,2.9,0.094,41,110,0.9982,3.08,0.61,9.2,5,"poor"
"361",361,8.2,0.7,0.23,2,0.099,14,81,0.9973,3.19,0.7,9.4,5,"poor"
"1215",1215,10.2,0.33,0.46,1.9,0.081,6,9,0.99628,3.1,0.48,10.4,6,"fine"
"633",633,7.6,0.41,0.14,3,0.087,21,43,0.9964,3.32,0.57,10.5,6,"fine"
"286",286,9.9,0.59,0.07,3.4,0.102,32,71,1.00015,3.31,0.71,9.8,5,"poor"
"579",579,8.8,0.47,0.49,2.9,0.085,17,110,0.9982,3.29,0.6,9.8,5,"poor"
"297",297,10.6,0.83,0.37,2.6,0.086,26,70,0.9981,3.16,0.52,9.9,5,"poor"
"1507",1507,6.8,0.81,0.05,2,0.07,6,14,0.99562,3.51,0.66,10.8,6,"fine"
"1186",1186,7,0.43,0.3,2,0.085,6,39,0.99346,3.33,0.46,11.9,6,"fine"
"279",279,10.3,0.32,0.45,6.4,0.073,5,13,0.9976,3.23,0.82,12.6,8,"fine"
"438",438,11.1,0.45,0.73,3.2,0.066,6,22,0.9986,3.17,0.66,11.2,6,"fine"
"672",672,8.2,0.73,0.21,1.7,0.074,5,13,0.9968,3.2,0.52,9.5,5,"poor"
"246",246,7.3,0.66,0,2,0.084,6,23,0.9983,3.61,0.96,9.9,6,"fine"
"1324",1324,9.1,0.36,0.39,1.8,0.06,21,55,0.99495,3.18,0.82,11,7,"fine"
"997",997,5.6,0.66,0,2.2,0.087,3,11,0.99378,3.71,0.63,12.8,7,"fine"
"1209",1209,7.2,0.36,0.46,2.1,0.074,24,44,0.99534,3.4,0.85,11,7,"fine"
"1233",1233,7.6,0.43,0.29,2.1,0.075,19,66,0.99718,3.4,0.64,9.5,5,"poor"
"1313",1313,8,1.18,0.21,1.9,0.083,14,41,0.99532,3.34,0.47,10.5,5,"poor"
"517",517,12.5,0.6,0.49,4.3,0.1,5,14,1.001,3.25,0.74,11.9,6,"fine"
"983",983,7.3,0.52,0.32,2.1,0.07,51,70,0.99418,3.34,0.82,12.9,6,"fine"
"851",851,9.3,0.43,0.44,1.9,0.085,9,22,0.99708,3.28,0.55,9.5,5,"poor"
"1097",1097,6.6,0.725,0.09,5.5,0.117,9,17,0.99655,3.35,0.49,10.8,6,"fine"
"463",463,11,0.26,0.68,2.55,0.085,10,25,0.997,3.18,0.61,11.8,5,"poor"
"1122",1122,6.6,0.5,0,1.8,0.062,21,28,0.99352,3.44,0.55,12.3,6,"fine"
"1326",1326,6.7,0.46,0.24,1.7,0.077,18,34,0.9948,3.39,0.6,10.6,6,"fine"
"317",317,9.6,0.56,0.23,3.4,0.102,37,92,0.9996,3.3,0.65,10.1,5,"poor"
"304",304,7.4,0.67,0.12,1.6,0.186,5,21,0.996,3.39,0.54,9.5,5,"poor"
"814",814,6.9,0.39,0.24,2.1,0.102,4,7,0.99462,3.44,0.58,11.4,4,"poor"
"827",827,7.5,0.27,0.34,2.3,0.05,4,8,0.9951,3.4,0.64,11,7,"fine"
"437",437,8,0.67,0.3,2,0.06,38,62,0.9958,3.26,0.56,10.2,6,"fine"
"100",100,8.1,0.545,0.18,1.9,0.08,13,35,0.9972,3.3,0.59,9,6,"fine"
"671",671,6.9,0.4,0.24,2.5,0.083,30,45,0.9959,3.26,0.58,10,5,"poor"
"545",545,14.3,0.31,0.74,1.8,0.075,6,15,1.0008,2.86,0.79,8.4,6,"fine"
"1146",1146,8.2,0.2,0.43,2.5,0.076,31,51,0.99672,3.53,0.81,10.4,6,"fine"
"46",46,4.6,0.52,0.15,2.1,0.054,8,65,0.9934,3.9,0.56,13.1,4,"poor"
"753",753,7.6,0.54,0.13,2.5,0.097,24,66,0.99785,3.39,0.61,9.4,5,"poor"
"1571",1571,6.4,0.36,0.53,2.2,0.23,19,35,0.9934,3.37,0.93,12.4,6,"fine"
"1433",1433,5.9,0.44,0,1.6,0.042,3,11,0.9944,3.48,0.85,11.7,6,"fine"
"1572",1572,6.4,0.38,0.14,2.2,0.038,15,25,0.99514,3.44,0.65,11.1,6,"fine"
"1557",1557,6.6,0.88,0.04,2.2,0.066,12,20,0.99636,3.53,0.56,9.9,5,"poor"
"1439",1439,7,0.59,0,1.7,0.052,3,8,0.996,3.41,0.47,10.3,5,"poor"
"13",13,5.6,0.615,0,1.6,0.089,16,59,0.9943,3.58,0.52,9.9,5,"poor"
"1068",1068,11.1,0.31,0.53,2.2,0.06,3,10,0.99572,3.02,0.83,10.9,7,"fine"
"839",839,10.1,0.31,0.35,1.6,0.075,9,28,0.99672,3.24,0.83,11.2,7,"fine"
"308",308,10.3,0.41,0.42,2.4,0.213,6,14,0.9994,3.19,0.62,9.5,6,"fine"
"708",708,7.4,0.49,0.19,3,0.077,16,37,0.9966,3.37,0.51,10.5,5,"poor"
"1372",1372,7.5,0.58,0.56,3.1,0.153,5,14,0.99476,3.21,1.03,11.6,6,"fine"
"1197",1197,7.9,0.58,0.23,2.3,0.076,23,94,0.99686,3.21,0.58,9.5,6,"fine"
"117",117,8.3,0.54,0.28,1.9,0.077,11,40,0.9978,3.39,0.61,10,6,"fine"
"720",720,7.1,0.66,0,3.9,0.086,17,45,0.9976,3.46,0.54,9.5,5,"poor"
"993",993,6.5,0.4,0.1,2,0.076,30,47,0.99554,3.36,0.48,9.4,6,"fine"
"102",102,7.8,0.5,0.3,1.9,0.075,8,22,0.9959,3.31,0.56,10.4,6,"fine"
"1404",1404,7.2,0.33,0.33,1.7,0.061,3,13,0.996,3.23,1.1,10,8,"fine"
"1478",1478,5.3,0.47,0.11,2.2,0.048,16,89,0.99182,3.54,0.88,13.6,7,"fine"
"1063",1063,8,0.38,0.44,1.9,0.098,6,15,0.9956,3.3,0.64,11.4,6,"fine"
"848",848,7.4,0.68,0.16,1.8,0.078,12,39,0.9977,3.5,0.7,9.9,6,"fine"
"387",387,7.8,0.54,0.26,2,0.088,23,48,0.9981,3.41,0.74,9.2,6,"fine"
"300",300,6.9,0.67,0.06,2.1,0.08,8,33,0.99845,3.68,0.71,9.6,5,"poor"
"1333",1333,8.4,0.39,0.1,1.7,0.075,6,25,0.99581,3.09,0.43,9.7,6,"fine"
"67",67,7.5,0.52,0.11,1.5,0.079,11,39,0.9968,3.42,0.58,9.6,5,"poor"
"813",813,10.8,0.45,0.33,2.5,0.099,20,38,0.99818,3.24,0.71,10.8,5,"poor"
"1258",1258,7,0.58,0.28,4.8,0.085,12,69,0.99633,3.32,0.7,11,6,"fine"
"845",845,9.9,0.25,0.46,1.7,0.062,26,42,0.9959,3.18,0.83,10.6,6,"fine"
"420",420,6.8,0.77,0,1.8,0.066,34,52,0.9976,3.62,0.68,9.9,5,"poor"
"1208",1208,9.9,0.72,0.55,1.7,0.136,24,52,0.99752,3.35,0.94,10,5,"poor"
"288",288,7.5,0.4,0.12,3,0.092,29,53,0.9967,3.37,0.7,10.3,6,"fine"
"348",348,13.8,0.49,0.67,3,0.093,6,15,0.9986,3.02,0.93,12,6,"fine"
"886",886,8.9,0.75,0.14,2.5,0.086,9,30,0.99824,3.34,0.64,10.5,5,"poor"
"434",434,12.3,0.39,0.63,2.3,0.091,6,18,1.0004,3.16,0.49,9.5,5,"poor"
"714",714,8,0.43,0.36,2.3,0.075,10,48,0.9976,3.34,0.46,9.4,5,"poor"
"336",336,11.9,0.695,0.53,3.4,0.128,7,21,0.9992,3.17,0.84,12.2,7,"fine"
"1092",1092,7.9,0.34,0.42,2,0.086,8,19,0.99546,3.35,0.6,11.4,6,"fine"
"776",776,7.2,1,0,3,0.102,7,16,0.99586,3.43,0.46,10,5,"poor"
"1567",1567,6.7,0.16,0.64,2.1,0.059,24,52,0.99494,3.34,0.71,11.2,6,"fine"
"930",930,8.7,0.33,0.38,3.3,0.063,10,19,0.99468,3.3,0.73,12,7,"fine"
"610",610,6.3,0.36,0.19,3.2,0.075,15,39,0.9956,3.56,0.52,12.7,6,"fine"
"1035",1035,8.9,0.745,0.18,2.5,0.077,15,48,0.99739,3.2,0.47,9.7,6,"fine"
"589",589,5,0.42,0.24,2,0.06,19,50,0.9917,3.72,0.74,14,8,"fine"
"688",688,9.1,0.64,0.23,3.1,0.095,13,38,0.9998,3.28,0.59,9.7,5,"poor"
"1283",1283,7.9,0.765,0,2,0.084,9,22,0.99619,3.33,0.68,10.9,6,"fine"
"586",586,7.6,0.51,0.24,2.4,0.091,8,38,0.998,3.47,0.66,9.6,6,"fine"
"614",614,8.2,0.39,0.38,1.5,0.058,10,29,0.9962,3.26,0.74,9.8,5,"poor"
"1383",1383,8,0.6,0.22,2.1,0.08,25,105,0.99613,3.3,0.49,9.9,5,"poor"
"1119",1119,7.1,0.39,0.12,2.1,0.065,14,24,0.99252,3.3,0.53,13.3,6,"fine"
"1236",1236,6,0.33,0.32,12.9,0.054,6,113,0.99572,3.3,0.56,11.5,4,"poor"
"79",79,6.7,0.75,0.12,2,0.086,12,80,0.9958,3.38,0.52,10.1,5,"poor"
"946",946,10.2,0.44,0.42,2,0.071,7,20,0.99566,3.14,0.79,11.1,7,"fine"
"652",652,9.8,0.88,0.25,2.5,0.104,35,155,1.001,3.41,0.67,11.2,5,"poor"
"29",29,7.1,0.71,0,1.9,0.08,14,35,0.9972,3.47,0.55,9.4,5,"poor"
"651",651,10.7,0.43,0.39,2.2,0.106,8,32,0.9986,2.89,0.5,9.6,5,"poor"
"666",666,9.4,0.59,0.14,2,0.084,25,48,0.9981,3.14,0.56,9.7,5,"poor"
"1522",1522,6.9,0.48,0.2,1.9,0.082,9,23,0.99585,3.39,0.43,9.05,4,"poor"
"965",965,8.5,0.47,0.27,1.9,0.058,18,38,0.99518,3.16,0.85,11.1,6,"fine"
"1245",1245,5.9,0.29,0.25,13.4,0.067,72,160,0.99721,3.33,0.54,10.3,6,"fine"
"1177",1177,6.5,0.88,0.03,5.6,0.079,23,47,0.99572,3.58,0.5,11.2,4,"poor"
"467",467,10.3,0.5,0.42,2,0.069,21,51,0.9982,3.16,0.72,11.5,6,"fine"
"865",865,7.2,0.62,0.06,2.7,0.077,15,85,0.99746,3.51,0.54,9.5,5,"poor"
"989",989,7.7,0.39,0.12,1.7,0.097,19,27,0.99596,3.16,0.49,9.4,5,"poor"
"1458",1458,7.6,0.49,0.33,1.9,0.074,27,85,0.99706,3.41,0.58,9,5,"poor"
"492",492,9.2,0.41,0.5,2.5,0.055,12,25,0.9952,3.34,0.79,13.3,7,"fine"
"979",979,7,0.4,0.32,3.6,0.061,9,29,0.99416,3.28,0.49,11.3,7,"fine"
"1586",1586,7.2,0.39,0.44,2.6,0.066,22,48,0.99494,3.3,0.84,11.5,6,"fine"
"1379",1379,7.2,0.45,0.15,2,0.078,10,28,0.99609,3.29,0.51,9.9,6,"fine"
"692",692,9.2,0.92,0.24,2.6,0.087,12,93,0.9998,3.48,0.54,9.8,5,"poor"
"403",403,12.2,0.48,0.54,2.6,0.085,19,64,1,3.1,0.61,10.5,6,"fine"
"1517",1517,6.1,0.32,0.25,2.3,0.071,23,58,0.99633,3.42,0.97,10.6,5,"poor"
"1396",1396,8.6,0.685,0.1,1.6,0.092,3,12,0.99745,3.31,0.65,9.55,6,"fine"
"792",792,8.8,0.64,0.17,2.9,0.084,25,130,0.99818,3.23,0.54,9.6,5,"poor"
"192",192,6.4,0.37,0.25,1.9,0.074,21,49,0.9974,3.57,0.62,9.8,6,"fine"
"1320",1320,9.1,0.76,0.68,1.7,0.414,18,64,0.99652,2.9,1.33,9.1,6,"fine"
"242",242,12,0.38,0.56,2.1,0.093,6,24,0.99925,3.14,0.71,10.9,6,"fine"
"358",358,10.5,0.42,0.66,2.95,0.116,12,29,0.997,3.24,0.75,11.7,7,"fine"
"1039",1039,8.7,0.41,0.41,6.2,0.078,25,42,0.9953,3.24,0.77,12.6,7,"fine"
"8",8,7.3,0.65,0,1.2,0.065,15,21,0.9946,3.39,0.47,10,7,"fine"
"1325",1325,6.7,0.46,0.24,1.7,0.077,18,34,0.9948,3.39,0.6,10.6,6,"fine"
"1480",1480,8.2,0.28,0.6,3,0.104,10,22,0.99828,3.39,0.68,10.6,5,"poor"
"1566",1566,6.7,0.67,0.02,1.9,0.061,26,42,0.99489,3.39,0.82,10.9,6,"fine"
"1436",1436,10.2,0.54,0.37,15.4,0.214,55,95,1.00369,3.18,0.77,9,6,"fine"
"707",707,7,0.78,0.08,2,0.093,10,19,0.9956,3.4,0.47,10,5,"poor"
"613",613,7.5,0.64,0,2.4,0.077,18,29,0.9965,3.32,0.6,10,6,"fine"
"580",580,10.6,0.31,0.49,2.2,0.063,18,40,0.9976,3.14,0.51,9.8,6,"fine"
"1599",1599,6,0.31,0.47,3.6,0.067,18,42,0.99549,3.39,0.66,11,6,"fine"
"1218",1218,8.2,0.34,0.37,1.9,0.057,43,74,0.99408,3.23,0.81,12,6,"fine"
"1127",1127,5.8,0.29,0.26,1.7,0.063,3,11,0.9915,3.39,0.54,13.5,6,"fine"
"909",909,7.4,0.52,0.13,2.4,0.078,34,61,0.99528,3.43,0.59,10.8,6,"fine"
"594",594,9.9,0.49,0.58,3.5,0.094,9,43,1.0004,3.29,0.58,9,5,"poor"
"1513",1513,6.4,0.79,0.04,2.2,0.061,11,17,0.99588,3.53,0.65,10.4,6,"fine"
"15",15,8.9,0.62,0.18,3.8,0.176,52,145,0.9986,3.16,0.88,9.2,5,"poor"
"1573",1573,7.3,0.69,0.32,2.2,0.069,35,104,0.99632,3.33,0.51,9.5,5,"poor"
"1417",1417,10,0.32,0.59,2.2,0.077,3,15,0.9994,3.2,0.78,9.6,5,"poor"
"1339",1339,6,0.5,0,1.4,0.057,15,26,0.99448,3.36,0.45,9.5,5,"poor"
"382",382,13.7,0.415,0.68,2.9,0.085,17,43,1.0014,3.06,0.8,10,6,"fine"
"1457",1457,6,0.54,0.06,1.8,0.05,38,89,0.99236,3.3,0.5,10.55,6,"fine"
"250",250,7.3,0.66,0,2,0.084,6,23,0.9983,3.61,0.96,9.9,6,"fine"
"237",237,7.2,0.63,0,1.9,0.097,14,38,0.99675,3.37,0.58,9,6,"fine"
"487",487,10.2,0.67,0.39,1.9,0.054,6,17,0.9976,3.17,0.47,10,5,"poor"
"416",416,8.6,0.725,0.24,6.6,0.117,31,134,1.0014,3.32,1.07,9.3,5,"poor"
"322",322,9.3,0.61,0.26,3.4,0.09,25,87,0.99975,3.24,0.62,9.7,5,"poor"
"1020",1020,7,0.5,0.14,1.8,0.078,10,23,0.99636,3.53,0.61,10.4,5,"poor"
"1482",1482,8.2,0.28,0.6,3,0.104,10,22,0.99828,3.39,0.68,10.6,5,"poor"
"1147",1147,7.8,0.5,0.12,1.8,0.178,6,21,0.996,3.28,0.87,9.8,6,"fine"
"1428",1428,7.6,0.41,0.33,2.5,0.078,6,23,0.9957,3.3,0.58,11.2,5,"poor"
"161",161,7.6,0.95,0.03,2,0.09,7,20,0.9959,3.2,0.56,9.6,5,"poor"
"1249",1249,6.9,0.41,0.33,2.2,0.081,22,36,0.9949,3.41,0.75,11.1,6,"fine"
"235",235,8.2,1,0.09,2.3,0.065,7,37,0.99685,3.32,0.55,9,6,"fine"
"531",531,9.1,0.22,0.24,2.1,0.078,1,28,0.999,3.41,0.87,10.3,6,"fine"
"457",457,8.9,0.59,0.39,2.3,0.095,5,22,0.9986,3.37,0.58,10.3,5,"poor"
"383",383,8.3,0.26,0.42,2,0.08,11,27,0.9974,3.21,0.8,9.4,6,"fine"
"291",291,8.7,0.52,0.09,2.5,0.091,20,49,0.9976,3.34,0.86,10.6,7,"fine"
"171",171,7.9,0.885,0.03,1.8,0.058,4,8,0.9972,3.36,0.33,9.1,4,"poor"
"539",539,12.9,0.35,0.49,5.8,0.066,5,35,1.0014,3.2,0.66,12,7,"fine"
"804",804,7.7,0.56,0.08,2.5,0.114,14,46,0.9971,3.24,0.66,9.6,6,"fine"
"1343",1343,7.6,0.54,0.02,1.7,0.085,17,31,0.99589,3.37,0.51,10.4,6,"fine"
"1531",1531,6.6,0.44,0.09,2.2,0.063,9,18,0.99444,3.42,0.69,11.3,6,"fine"
"622",622,8.2,0.56,0.23,3.4,0.078,14,104,0.9976,3.28,0.62,9.4,5,"poor"
"1579",1579,6.8,0.67,0.15,1.8,0.118,13,20,0.9954,3.42,0.67,11.3,6,"fine"
"1067",1067,6.6,0.52,0.08,2.4,0.07,13,26,0.99358,3.4,0.72,12.5,7,"fine"
"1121",1121,7.9,0.54,0.34,2.5,0.076,8,17,0.99235,3.2,0.72,13.1,8,"fine"
"1574",1574,6,0.58,0.2,2.4,0.075,15,50,0.99467,3.58,0.67,12.5,6,"fine"
"699",699,9.4,0.615,0.28,3.2,0.087,18,72,1.0001,3.31,0.53,9.7,5,"poor"
"593",593,9,0.45,0.49,2.6,0.084,21,75,0.9987,3.35,0.57,9.7,5,"poor"
"104",104,8.1,0.575,0.22,2.1,0.077,12,65,0.9967,3.29,0.51,9.2,5,"poor"
"199",199,5.4,0.835,0.08,1.2,0.046,13,93,0.9924,3.57,0.85,13,7,"fine"
"1495",1495,6.4,0.31,0.09,1.4,0.066,15,28,0.99459,3.42,0.7,10,7,"fine"
"1350",1350,6.9,0.57,0,2.8,0.081,21,41,0.99518,3.41,0.52,10.8,5,"poor"
"460",460,11.6,0.58,0.66,2.2,0.074,10,47,1.0008,3.25,0.57,9,3,"poor"
"532",532,11.9,0.38,0.49,2.7,0.098,12,42,1.0004,3.16,0.61,10.3,5,"poor"
"830",830,5.9,0.61,0.08,2.1,0.071,16,24,0.99376,3.56,0.77,11.1,6,"fine"
"764",764,9.3,0.655,0.26,2,0.096,5,35,0.99738,3.25,0.42,9.6,5,"poor"
"702",702,7,0.65,0.02,2.1,0.066,8,25,0.9972,3.47,0.67,9.5,6,"fine"
"208",208,7.8,0.57,0.31,1.8,0.069,26,120,0.99625,3.29,0.53,9.3,5,"poor"
"768",768,7.5,0.6,0.32,2.7,0.103,13,98,0.99938,3.45,0.62,9.5,5,"poor"
"1488",1488,6,0.64,0.05,1.9,0.066,9,17,0.99496,3.52,0.78,10.6,5,"poor"
"485",485,10.6,0.44,0.68,4.1,0.114,6,24,0.997,3.06,0.66,13.4,6,"fine"
"1225",1225,12.6,0.39,0.49,2.5,0.08,8,20,0.9992,3.07,0.82,10.3,6,"fine"
"1033",1033,8.1,0.82,0,4.1,0.095,5,14,0.99854,3.36,0.53,9.6,5,"poor"
"68",68,6.6,0.705,0.07,1.6,0.076,6,15,0.9962,3.44,0.58,10.7,5,"poor"
"266",266,11.8,0.26,0.52,1.8,0.071,6,10,0.9968,3.2,0.72,10.2,7,"fine"
"784",784,6.5,0.46,0.14,2.4,0.114,9,37,0.99732,3.66,0.65,9.8,5,"poor"
"455",455,7,0.23,0.4,1.6,0.063,21,67,0.9952,3.5,0.63,11.1,5,"poor"
"1496",1496,7,0.43,0.02,1.9,0.08,15,28,0.99492,3.35,0.81,10.6,6,"fine"
"1032",1032,7.3,0.55,0.01,1.8,0.093,9,15,0.99514,3.35,0.58,11,7,"fine"
"771",771,7.1,0.59,0.02,2.3,0.082,24,94,0.99744,3.55,0.53,9.7,6,"fine"
"1467",1467,7.3,0.48,0.32,2.1,0.062,31,54,0.99728,3.3,0.65,10,7,"fine"
"236",236,7.2,0.63,0,1.9,0.097,14,38,0.99675,3.37,0.58,9,6,"fine"
"713",713,8.7,0.69,0,3.2,0.084,13,33,0.9992,3.36,0.45,9.4,5,"poor"
"1163",1163,8.5,0.32,0.42,2.3,0.075,12,19,0.99434,3.14,0.71,11.8,7,"fine"
"1481",1481,5.6,0.62,0.03,1.5,0.08,6,13,0.99498,3.66,0.62,10.1,4,"poor"
"906",906,9.2,0.58,0.2,3,0.081,15,115,0.998,3.23,0.59,9.5,5,"poor"
"433",433,11.9,0.37,0.69,2.3,0.078,12,24,0.9958,3,0.65,12.8,6,"fine"
"215",215,7.8,0.735,0.08,2.4,0.092,10,41,0.9974,3.24,0.71,9.8,6,"fine"
"956",956,8.5,0.21,0.52,1.9,0.09,9,23,0.99648,3.36,0.67,10.4,5,"poor"
"1323",1323,9.1,0.34,0.42,1.8,0.058,9,18,0.99392,3.18,0.55,11.4,5,"poor"
"932",932,7.4,0.61,0.01,2,0.074,13,38,0.99748,3.48,0.65,9.8,5,"poor"
"1065",1065,8.2,0.74,0.09,2,0.067,5,10,0.99418,3.28,0.57,11.8,6,"fine"
"1230",1230,7.6,0.43,0.29,2.1,0.075,19,66,0.99718,3.4,0.64,9.5,5,"poor"
"638",638,9.5,0.885,0.27,2.3,0.084,31,145,0.9978,3.24,0.53,9.4,5,"poor"
"679",679,8.3,0.78,0.1,2.6,0.081,45,87,0.9983,3.48,0.53,10,5,"poor"
"1322",1322,5,0.74,0,1.2,0.041,16,46,0.99258,4.01,0.59,12.5,6,"fine"
"640",640,8.9,0.29,0.35,1.9,0.067,25,57,0.997,3.18,1.36,10.3,6,"fine"
"1264",1264,8.2,0.78,0,2.2,0.089,13,26,0.9978,3.37,0.46,9.6,4,"poor"
"96",96,4.7,0.6,0.17,2.3,0.058,17,106,0.9932,3.85,0.6,12.9,6,"fine"
"163",163,7.8,0.53,0.04,1.7,0.076,17,31,0.9964,3.33,0.56,10,6,"fine"
"510",510,13.3,0.29,0.75,2.8,0.084,23,43,0.9986,3.04,0.68,11.4,7,"fine"
"628",628,8.8,0.6,0.29,2.2,0.098,5,15,0.9988,3.36,0.49,9.1,5,"poor"
"602",602,13.2,0.46,0.52,2.2,0.071,12,35,1.0006,3.1,0.56,9,6,"fine"
"439",439,10.4,0.41,0.55,3.2,0.076,22,54,0.9996,3.15,0.89,9.9,6,"fine"
"306",306,10.3,0.53,0.48,2.5,0.063,6,25,0.9998,3.12,0.59,9.3,6,"fine"
"1234",1234,10.2,0.23,0.37,2.2,0.057,14,36,0.99614,3.23,0.49,9.3,4,"poor"
"1555",1555,6.6,0.855,0.02,2.4,0.062,15,23,0.99627,3.54,0.6,11,6,"fine"
"219",219,7.5,0.49,0.19,1.9,0.076,10,44,0.9957,3.39,0.54,9.7,5,"poor"
"189",189,7.9,0.5,0.33,2,0.084,15,143,0.9968,3.2,0.55,9.5,5,"poor"
"732",732,8.9,0.875,0.13,3.45,0.088,4,14,0.9994,3.44,0.52,11.5,5,"poor"
"217",217,8.7,0.625,0.16,2,0.101,13,49,0.9962,3.14,0.57,11,5,"poor"
"1532",1532,6.1,0.705,0.1,2.8,0.081,13,28,0.99631,3.6,0.66,10.2,5,"poor"
"759",759,8.1,0.87,0,2.2,0.084,10,31,0.99656,3.25,0.5,9.8,5,"poor"
"1357",1357,6.1,0.34,0.25,1.8,0.084,4,28,0.99464,3.36,0.44,10.1,5,"poor"
"1538",1538,5.4,0.58,0.08,1.9,0.059,20,31,0.99484,3.5,0.64,10.2,6,"fine"
"5",5,7.4,0.7,0,1.9,0.076,11,34,0.9978,3.51,0.56,9.4,5,"poor"
"1514",1514,6.4,0.56,0.15,1.8,0.078,17,65,0.99294,3.33,0.6,10.5,6,"fine"
"99",99,7.6,0.9,0.06,2.5,0.079,5,10,0.9967,3.39,0.56,9.8,5,"poor"
"392",392,13.7,0.415,0.68,2.9,0.085,17,43,1.0014,3.06,0.8,10,6,"fine"
"200",200,6.9,1.09,0.06,2.1,0.061,12,31,0.9948,3.51,0.43,11.4,4,"poor"
"505",505,10.5,0.24,0.42,1.8,0.077,6,22,0.9976,3.21,1.05,10.8,7,"fine"
"978",978,8.4,0.59,0.29,2.6,0.109,31,119,0.99801,3.15,0.5,9.1,5,"poor"
"1541",1541,6.2,0.52,0.08,4.4,0.071,11,32,0.99646,3.56,0.63,11.6,6,"fine"
"912",912,9.1,0.28,0.46,9,0.114,3,9,0.99901,3.18,0.6,10.9,6,"fine"
"359",359,11.9,0.43,0.66,3.1,0.109,10,23,1,3.15,0.85,10.4,7,"fine"
"464",464,8.1,0.66,0.7,2.2,0.098,25,129,0.9972,3.08,0.53,9,5,"poor"
"312",312,7.9,0.53,0.24,2,0.072,15,105,0.996,3.27,0.54,9.4,6,"fine"
"340",340,12.5,0.28,0.54,2.3,0.082,12,29,0.9997,3.11,1.36,9.8,7,"fine"
"1142",1142,8.2,0.38,0.32,2.5,0.08,24,71,0.99624,3.27,0.85,11,6,"fine"
"311",311,10.3,0.53,0.48,2.5,0.063,6,25,0.9998,3.12,0.59,9.3,6,"fine"
"278",278,11.5,0.18,0.51,4,0.104,4,23,0.9996,3.28,0.97,10.1,6,"fine"
"116",116,9.4,0.4,0.31,2.2,0.09,13,62,0.9966,3.07,0.63,10.5,6,"fine"
"292",292,11,0.2,0.48,2,0.343,6,18,0.9979,3.3,0.71,10.5,5,"poor"
"1217",1217,7.9,0.57,0.31,2,0.079,10,79,0.99677,3.29,0.69,9.5,6,"fine"
"1452",1452,7.8,0.32,0.44,2.7,0.104,8,17,0.99732,3.33,0.78,11,7,"fine"
"1271",1271,5,0.38,0.01,1.6,0.048,26,60,0.99084,3.7,0.75,14,6,"fine"
"547",547,7.5,0.55,0.24,2,0.078,10,28,0.9983,3.45,0.78,9.5,6,"fine"
"958",958,9.5,0.37,0.52,2,0.088,12,51,0.99613,3.29,0.58,11.1,6,"fine"
"1462",1462,6.2,0.785,0,2.1,0.06,6,13,0.99664,3.59,0.61,10,4,"poor"
"953",953,8.2,0.31,0.4,2.2,0.058,6,10,0.99536,3.31,0.68,11.2,7,"fine"
"576",576,12.3,0.27,0.49,3.1,0.079,28,46,0.9993,3.2,0.8,10.2,6,"fine"
"1166",1166,8.5,0.44,0.5,1.9,0.369,15,38,0.99634,3.01,1.1,9.4,5,"poor"
"1486",1486,7,0.655,0.16,2.1,0.074,8,25,0.99606,3.37,0.55,9.7,5,"poor"
"407",407,9.8,0.44,0.47,2.5,0.063,9,28,0.9981,3.24,0.65,10.8,6,"fine"
"3",3,7.8,0.76,0.04,2.3,0.092,15,54,0.997,3.26,0.65,9.8,5,"poor"
"1265",1265,8.5,0.37,0.32,1.8,0.066,26,51,0.99456,3.38,0.72,11.8,6,"fine"
"1087",1087,8.5,0.34,0.4,4.7,0.055,3,9,0.99738,3.38,0.66,11.6,7,"fine"
"1354",1354,7.6,0.645,0.03,1.9,0.086,14,57,0.9969,3.37,0.46,10.3,5,"poor"
"1533",1533,7.2,0.53,0.13,2,0.058,18,22,0.99573,3.21,0.68,9.9,6,"fine"
"940",940,6.2,0.46,0.17,1.6,0.073,7,11,0.99425,3.61,0.54,11.4,5,"poor"
"723",723,7.6,0.42,0.08,2.7,0.084,15,48,0.9968,3.21,0.59,10,5,"poor"
"722",722,8.9,0.48,0.24,2.85,0.094,35,106,0.9982,3.1,0.53,9.2,5,"poor"
"140",140,7.8,0.56,0.19,2,0.081,17,108,0.9962,3.32,0.54,9.5,5,"poor"
"500",500,8.7,0.69,0.31,3,0.086,23,81,1.0002,3.48,0.74,11.6,6,"fine"
"796",796,10.8,0.89,0.3,2.6,0.132,7,60,0.99786,2.99,1.18,10.2,5,"poor"
"655",655,8.6,0.47,0.47,2.4,0.074,7,29,0.9979,3.08,0.46,9.5,5,"poor"
"617",617,9.6,0.6,0.5,2.3,0.079,28,71,0.9997,3.5,0.57,9.7,5,"poor"
"1510",1510,7.9,0.18,0.4,1.8,0.062,7,20,0.9941,3.28,0.7,11.1,5,"poor"
"966",966,8.3,0.34,0.4,2.4,0.065,24,48,0.99554,3.34,0.86,11,6,"fine"
"630",630,7.6,0.685,0.23,2.3,0.111,20,84,0.9964,3.21,0.61,9.3,5,"poor"
"89",89,9.3,0.39,0.44,2.1,0.107,34,125,0.9978,3.14,1.22,9.5,5,"poor"
"577",577,9.9,0.5,0.24,2.3,0.103,6,14,0.9978,3.34,0.52,10,4,"poor"
"1542",1542,7.4,0.25,0.29,2.2,0.054,19,49,0.99666,3.4,0.76,10.9,7,"fine"
"1421",1421,7.8,0.53,0.01,1.6,0.077,3,19,0.995,3.16,0.46,9.8,5,"poor"
"499",499,10.7,0.35,0.53,2.6,0.07,5,16,0.9972,3.15,0.65,11,8,"fine"
"376",376,11.5,0.54,0.71,4.4,0.124,6,15,0.9984,3.01,0.83,11.8,7,"fine"
"480",480,9.4,0.685,0.11,2.7,0.077,6,31,0.9984,3.19,0.7,10.1,6,"fine"
"1301",1301,5.2,0.645,0,2.15,0.08,15,28,0.99444,3.78,0.61,12.5,6,"fine"
"624",624,7.9,0.51,0.25,2.9,0.077,21,45,0.9974,3.49,0.96,12.1,6,"fine"
"1158",1158,5.1,0.51,0.18,2.1,0.042,16,101,0.9924,3.46,0.87,12.9,7,"fine"
"1380",1380,7.5,0.57,0.02,2.6,0.077,11,35,0.99557,3.36,0.62,10.8,6,"fine"
"944",944,9.8,0.5,0.34,2.3,0.094,10,45,0.99864,3.24,0.6,9.7,7,"fine"
"395",395,12.7,0.6,0.65,2.3,0.063,6,25,0.9997,3.03,0.57,9.9,5,"poor"
"156",156,7.1,0.43,0.42,5.5,0.071,28,128,0.9973,3.42,0.71,10.5,5,"poor"
"1188",1188,7,0.43,0.3,2,0.085,6,39,0.99346,3.33,0.46,11.9,6,"fine"
"731",731,9.5,0.55,0.66,2.3,0.387,12,37,0.9982,3.17,0.67,9.6,5,"poor"
"24",24,8.5,0.49,0.11,2.3,0.084,9,67,0.9968,3.17,0.53,9.4,5,"poor"
"469",469,11.4,0.36,0.69,2.1,0.09,6,21,1,3.17,0.62,9.2,6,"fine"
"665",665,12.1,0.4,0.52,2,0.092,15,54,1,3.03,0.66,10.2,5,"poor"
"1074",1074,8,0.62,0.33,2.7,0.088,16,37,0.9972,3.31,0.58,10.7,6,"fine"
"1144",1144,7,0.22,0.3,1.8,0.065,16,20,0.99672,3.61,0.82,10,6,"fine"
"1213",1213,6.8,0.65,0.02,2.1,0.078,8,15,0.99498,3.35,0.62,10.4,6,"fine"
"770",770,7.9,0.72,0.01,1.9,0.076,7,32,0.99668,3.39,0.54,9.6,5,"poor"
"1294",1294,7.5,0.755,0,1.9,0.084,6,12,0.99672,3.34,0.49,9.7,4,"poor"
"548",548,10.6,0.31,0.49,2.5,0.067,6,21,0.9987,3.26,0.86,10.7,6,"fine"
"389",389,7.8,0.46,0.26,1.9,0.088,23,53,0.9981,3.43,0.74,9.2,6,"fine"
"1530",1530,7.1,0.69,0.08,2.1,0.063,42,52,0.99608,3.42,0.6,10.2,6,"fine"
"323",323,7.8,0.62,0.05,2.3,0.079,6,18,0.99735,3.29,0.63,9.3,5,"poor"
"691",691,7.4,1.185,0,4.25,0.097,5,14,0.9966,3.63,0.54,10.7,3,"poor"
"755",755,7.8,0.48,0.68,1.7,0.415,14,32,0.99656,3.09,1.06,9.1,6,"fine"
"1558",1558,6.6,0.855,0.02,2.4,0.062,15,23,0.99627,3.54,0.6,11,6,"fine"
"1554",1554,7.3,0.735,0,2.2,0.08,18,28,0.99765,3.41,0.6,9.4,5,"poor"
"918",918,6.8,0.41,0.31,8.8,0.084,26,45,0.99824,3.38,0.64,10.1,6,"fine"
"756",756,7.8,0.91,0.07,1.9,0.058,22,47,0.99525,3.51,0.43,10.7,6,"fine"
"497",497,7.8,0.52,0.25,1.9,0.081,14,38,0.9984,3.43,0.65,9,6,"fine"
"1575",1575,5.6,0.31,0.78,13.9,0.074,23,92,0.99677,3.39,0.48,10.5,6,"fine"
"1453",1453,6.6,0.58,0.02,2,0.062,37,53,0.99374,3.35,0.76,11.6,7,"fine"
"1194",1194,6.4,0.885,0,2.3,0.166,6,12,0.99551,3.56,0.51,10.8,5,"poor"
"788",788,10,0.56,0.24,2.2,0.079,19,58,0.9991,3.18,0.56,10.1,6,"fine"
"368",368,10.4,0.575,0.61,2.6,0.076,11,24,1,3.16,0.69,9,5,"poor"
"588",588,7.3,0.73,0.24,1.9,0.108,18,102,0.9967,3.26,0.59,9.3,5,"poor"
"1426",1426,8.3,0.26,0.37,1.4,0.076,8,23,0.9974,3.26,0.7,9.6,6,"fine"
"678",678,8.6,0.8,0.11,2.3,0.084,12,31,0.9979,3.4,0.48,9.9,5,"poor"
"401",401,6.6,0.735,0.02,7.9,0.122,68,124,0.9994,3.47,0.53,9.9,5,"poor"
"1416",1416,6.2,0.58,0,1.6,0.065,8,18,0.9966,3.56,0.84,9.4,5,"poor"
"1562",1562,7.8,0.6,0.26,2,0.08,31,131,0.99622,3.21,0.52,9.9,5,"poor"
"1056",1056,8.2,0.64,0.27,2,0.095,5,77,0.99747,3.13,0.62,9.1,6,"fine"
"857",857,9.3,0.36,0.39,1.5,0.08,41,55,0.99652,3.47,0.73,10.9,6,"fine"
"1171",1171,9.2,0.36,0.34,1.6,0.062,5,12,0.99667,3.2,0.67,10.5,6,"fine"
"585",585,11.8,0.33,0.49,3.4,0.093,54,80,1.0002,3.3,0.76,10.7,7,"fine"
"1375",1375,6.8,0.815,0,1.2,0.267,16,29,0.99471,3.32,0.51,9.8,3,"poor"
"198",198,11.5,0.3,0.6,2,0.067,12,27,0.9981,3.11,0.97,10.1,6,"fine"
"742",742,9.2,0.53,0.24,2.6,0.078,28,139,0.99788,3.21,0.57,9.5,5,"poor"
"426",426,6.6,0.84,0.03,2.3,0.059,32,48,0.9952,3.52,0.56,12.3,7,"fine"
"1437",1437,10,0.38,0.38,1.6,0.169,27,90,0.99914,3.15,0.65,8.5,5,"poor"
"1226",1226,9.2,0.46,0.23,2.6,0.091,18,77,0.99922,3.15,0.51,9.4,5,"poor"
"1420",1420,7.7,0.64,0.21,2.2,0.077,32,133,0.9956,3.27,0.45,9.9,5,"poor"
"1321",1321,9.7,0.66,0.34,2.6,0.094,12,88,0.99796,3.26,0.66,10.1,5,"poor"
"882",882,7.6,0.715,0,2.1,0.068,30,35,0.99533,3.48,0.65,11.4,6,"fine"
"1491",1491,7.1,0.22,0.49,1.8,0.039,8,18,0.99344,3.39,0.56,12.4,6,"fine"
"609",609,10.1,0.65,0.37,5.1,0.11,11,65,1.0026,3.32,0.64,10.4,6,"fine"
"797",797,8.7,0.46,0.31,2.5,0.126,24,64,0.99746,3.1,0.74,9.6,5,"poor"
"938",938,12,0.63,0.5,1.4,0.071,6,26,0.99791,3.07,0.6,10.4,4,"poor"
"1470",1470,7.3,0.98,0.05,2.1,0.061,20,49,0.99705,3.31,0.55,9.7,3,"poor"
"478",478,10.4,0.24,0.49,1.8,0.075,6,20,0.9977,3.18,1.06,11,6,"fine"
"863",863,7.5,0.42,0.32,2.7,0.067,7,25,0.99628,3.24,0.44,10.4,5,"poor"
"222",222,7.4,0.53,0.26,2,0.101,16,72,0.9957,3.15,0.57,9.4,5,"poor"
"869",869,6.8,0.56,0.22,1.8,0.074,15,24,0.99438,3.4,0.82,11.2,6,"fine"
"1390",1390,6.7,0.48,0.02,2.2,0.08,36,111,0.99524,3.1,0.53,9.7,5,"poor"
"573",573,10.2,0.24,0.49,2.4,0.075,10,28,0.9978,3.14,0.61,10.4,5,"poor"
"1270",1270,5.5,0.49,0.03,1.8,0.044,28,87,0.9908,3.5,0.82,14,8,"fine"
"1095",1095,6.6,0.725,0.09,5.5,0.117,9,17,0.99655,3.35,0.49,10.8,6,"fine"
"367",367,12.8,0.615,0.66,5.8,0.083,7,42,1.0022,3.07,0.73,10,7,"fine"
"903",903,7.4,0.635,0.1,2.4,0.08,16,33,0.99736,3.58,0.69,10.8,7,"fine"
"364",364,12.5,0.46,0.63,2,0.071,6,15,0.9988,2.99,0.87,10.2,5,"poor"
"855",855,9.3,0.36,0.39,1.5,0.08,41,55,0.99652,3.47,0.73,10.9,6,"fine"
"153",153,7.5,0.6,0.03,1.8,0.095,25,99,0.995,3.35,0.54,10.1,5,"poor"
"75",75,9.7,0.32,0.54,2.5,0.094,28,83,0.9984,3.28,0.82,9.6,5,"poor"
"1157",1157,8.5,0.18,0.51,1.75,0.071,45,88,0.99524,3.33,0.76,11.8,7,"fine"
"1253",1253,7.1,0.72,0,1.8,0.123,6,14,0.99627,3.45,0.58,9.8,5,"poor"
"501",501,7.8,0.52,0.25,1.9,0.081,14,38,0.9984,3.43,0.65,9,6,"fine"
"1244",1244,8.3,0.56,0.22,2.4,0.082,10,86,0.9983,3.37,0.62,9.5,5,"poor"
"810",810,7.6,0.48,0.31,2.8,0.07,4,15,0.99693,3.22,0.55,10.3,6,"fine"
"811",811,7.3,0.49,0.1,2.6,0.068,4,14,0.99562,3.3,0.47,10.5,5,"poor"
"1549",1549,11.2,0.4,0.5,2,0.099,19,50,0.99783,3.1,0.58,10.4,5,"poor"
"449",449,8.6,0.53,0.22,2,0.1,7,27,0.9967,3.2,0.56,10.2,6,"fine"
"206",206,12.8,0.3,0.74,2.6,0.095,9,28,0.9994,3.2,0.77,10.8,7,"fine"
"409",409,10.4,0.34,0.58,3.7,0.174,6,16,0.997,3.19,0.7,11.3,6,"fine"
"951",951,8.9,0.12,0.45,1.8,0.075,10,21,0.99552,3.41,0.76,11.9,7,"fine"
"1019",1019,8,0.18,0.37,0.9,0.049,36,109,0.99007,2.89,0.44,12.7,6,"fine"
"1465",1465,6.8,0.59,0.1,1.7,0.063,34,53,0.9958,3.41,0.67,9.7,5,"poor"
"709",709,7.8,0.545,0.12,2.5,0.068,11,35,0.996,3.34,0.61,11.6,6,"fine"
"701",701,10.6,1.02,0.43,2.9,0.076,26,88,0.9984,3.08,0.57,10.1,6,"fine"
"445",445,5.3,0.57,0.01,1.7,0.054,5,27,0.9934,3.57,0.84,12.5,7,"fine"
"493",493,8.9,0.4,0.51,2.6,0.052,13,27,0.995,3.32,0.9,13.4,7,"fine"
"1310",1310,7,0.62,0.1,1.4,0.071,27,63,0.996,3.28,0.61,9.2,5,"poor"
"1288",1288,8,0.6,0.08,2.6,0.056,3,7,0.99286,3.22,0.37,13,5,"poor"
"1440",1440,7.3,0.67,0.02,2.2,0.072,31,92,0.99566,3.32,0.68,11.0666666666667,6,"fine"
"213",213,11.6,0.44,0.64,2.1,0.059,5,15,0.998,3.21,0.67,10.2,6,"fine"
"833",833,10.4,0.44,0.42,1.5,0.145,34,48,0.99832,3.38,0.86,9.9,3,"poor"
"310",310,7.4,0.29,0.38,1.7,0.062,9,30,0.9968,3.41,0.53,9.5,6,"fine"
"1450",1450,7.2,0.38,0.31,2,0.056,15,29,0.99472,3.23,0.76,11.3,8,"fine"
"276",276,7.9,0.545,0.06,4,0.087,27,61,0.9965,3.36,0.67,10.7,6,"fine"
"295",295,13.3,0.34,0.52,3.2,0.094,17,53,1.0014,3.05,0.81,9.5,6,"fine"
"1191",1191,9.1,0.4,0.57,4.6,0.08,6,20,0.99652,3.28,0.57,12.5,6,"fine"
"1475",1475,9.9,0.5,0.5,13.8,0.205,48,82,1.00242,3.16,0.75,8.8,5,"poor"
"884",884,7.2,0.6,0.04,2.5,0.076,18,88,0.99745,3.53,0.55,9.5,5,"poor"
"818",818,10.8,0.29,0.42,1.6,0.084,19,27,0.99545,3.28,0.73,11.9,6,"fine"
"1479",1479,7.1,0.875,0.05,5.7,0.082,3,14,0.99808,3.4,0.52,10.2,3,"poor"
"1311",1311,7.5,0.61,0.26,1.9,0.073,24,88,0.99612,3.3,0.53,9.8,5,"poor"
"908",908,6.1,0.56,0,2.2,0.079,6,9,0.9948,3.59,0.54,11.5,6,"fine"
"372",372,7.9,0.24,0.4,1.6,0.056,11,25,0.9967,3.32,0.87,8.7,6,"fine"
"483",483,10.6,0.36,0.59,2.2,0.152,6,18,0.9986,3.04,1.05,9.4,5,"poor"
"1536",1536,7,0.55,0.13,2.2,0.075,15,35,0.9959,3.36,0.59,9.7,6,"fine"
"1105",1105,8,0.48,0.34,2.2,0.073,16,25,0.9936,3.28,0.66,12.4,6,"fine"
"590",590,10.2,0.29,0.49,2.6,0.059,5,13,0.9976,3.05,0.74,10.5,7,"fine"
"1106",1106,6.3,0.57,0.28,2.1,0.048,13,49,0.99374,3.41,0.6,12.8,5,"poor"
"1318",1318,9.9,0.44,0.46,2.2,0.091,10,41,0.99638,3.18,0.69,11.9,6,"fine"
"1341",1341,7.5,0.51,0.02,1.7,0.084,13,31,0.99538,3.36,0.54,10.5,6,"fine"
"1006",1006,6.8,0.36,0.32,1.8,0.067,4,8,0.9928,3.36,0.55,12.8,7,"fine"
"45",45,6.8,0.67,0.02,1.8,0.05,5,11,0.9962,3.48,0.52,9.5,5,"poor"
"1374",1374,7.7,0.75,0.27,3.8,0.11,34,89,0.99664,3.24,0.45,9.3,5,"poor"
"211",211,9.7,0.53,0.6,2,0.039,5,19,0.99585,3.3,0.86,12.4,6,"fine"
"893",893,10.1,0.45,0.23,1.9,0.082,10,18,0.99774,3.22,0.65,9.3,6,"fine"
"1327",1327,6.7,0.46,0.24,1.7,0.077,18,34,0.9948,3.39,0.6,10.6,6,"fine"
"808",808,8.2,0.28,0.4,2.4,0.052,4,10,0.99356,3.33,0.7,12.8,7,"fine"
"737",737,7.7,0.965,0.1,2.1,0.112,11,22,0.9963,3.26,0.5,9.5,5,"poor"
"144",144,6.3,0.39,0.08,1.7,0.066,3,20,0.9954,3.34,0.58,9.4,5,"poor"
"1055",1055,8.2,0.64,0.27,2,0.095,5,77,0.99747,3.13,0.62,9.1,6,"fine"
"1123",1123,6.3,0.47,0,1.4,0.055,27,33,0.9922,3.45,0.48,12.3,6,"fine"
"50",50,5.6,0.31,0.37,1.4,0.074,12,96,0.9954,3.32,0.58,9.2,5,"poor"
"458",458,9.2,0.63,0.21,2.7,0.097,29,65,0.9988,3.28,0.58,9.6,5,"poor"
"1149",1149,7.8,0.39,0.42,2,0.086,9,21,0.99526,3.39,0.66,11.6,6,"fine"
"565",565,13,0.47,0.49,4.3,0.085,6,47,1.0021,3.3,0.68,12.7,6,"fine"
"1489",1489,5.6,0.54,0.04,1.7,0.049,5,13,0.9942,3.72,0.58,11.4,5,"poor"
"273",273,10.9,0.37,0.58,4,0.071,17,65,0.99935,3.22,0.78,10.1,5,"poor"
"980",980,12.2,0.45,0.49,1.4,0.075,3,6,0.9969,3.13,0.63,10.4,5,"poor"
"427",427,6.4,0.67,0.08,2.1,0.045,19,48,0.9949,3.49,0.49,11.4,6,"fine"
"85",85,6.3,0.3,0.48,1.8,0.069,18,61,0.9959,3.44,0.78,10.3,6,"fine"
"1485",1485,6.8,0.91,0.06,2,0.06,4,11,0.99592,3.53,0.64,10.9,4,"poor"
"260",260,10,0.31,0.47,2.6,0.085,14,33,0.99965,3.36,0.8,10.5,7,"fine"
"1316",1316,7.5,0.63,0.27,2,0.083,17,91,0.99616,3.26,0.58,9.8,6,"fine"
"475",475,10.5,0.28,0.51,1.7,0.08,10,24,0.9982,3.2,0.89,9.4,6,"fine"
"151",151,7.3,0.33,0.47,2.1,0.077,5,11,0.9958,3.33,0.53,10.3,6,"fine"
"1463",1463,6.8,0.64,0.03,2.3,0.075,14,31,0.99545,3.36,0.58,10.4,6,"fine"
"1073",1073,7.2,0.35,0.26,1.8,0.083,33,75,0.9968,3.4,0.58,9.5,6,"fine"
"1202",1202,7.9,0.34,0.36,1.9,0.065,5,10,0.99419,3.27,0.54,11.2,7,"fine"
"447",447,12.5,0.38,0.6,2.6,0.081,31,72,0.9996,3.1,0.73,10.5,5,"poor"
"18",18,8.1,0.56,0.28,1.7,0.368,16,56,0.9968,3.11,1.28,9.3,5,"poor"
"534",534,10.3,0.27,0.24,2.1,0.072,15,33,0.9956,3.22,0.66,12.8,6,"fine"
"806",806,8.2,0.28,0.4,2.4,0.052,4,10,0.99356,3.33,0.7,12.8,7,"fine"
"1141",1141,7.3,0.4,0.3,1.7,0.08,33,79,0.9969,3.41,0.65,9.5,6,"fine"
"262",262,7,0.975,0.04,2,0.087,12,67,0.99565,3.35,0.6,9.4,4,"poor"
"1155",1155,6.6,0.58,0,2.2,0.1,50,63,0.99544,3.59,0.68,11.4,6,"fine"
"1442",1442,7.4,0.785,0.19,5.2,0.094,19,98,0.99713,3.16,0.52,9.56666666666667,6,"fine"
"782",782,6.5,0.46,0.14,2.4,0.114,9,37,0.99732,3.66,0.65,9.8,5,"poor"
"1102",1102,7.4,0.49,0.27,2.1,0.071,14,25,0.99388,3.35,0.63,12,6,"fine"
"881",881,9.2,0.56,0.18,1.6,0.078,10,21,0.99576,3.15,0.49,9.9,5,"poor"
"558",558,15.6,0.645,0.49,4.2,0.095,10,23,1.00315,2.92,0.74,11.1,5,"poor"
"61",61,8.8,0.4,0.4,2.2,0.079,19,52,0.998,3.44,0.64,9.2,5,"poor"
"933",933,7.6,0.4,0.29,1.9,0.078,29,66,0.9971,3.45,0.59,9.5,6,"fine"
"717",717,8,0.43,0.36,2.3,0.075,10,48,0.9976,3.34,0.46,9.4,5,"poor"
"1595",1595,6.2,0.6,0.08,2,0.09,32,44,0.9949,3.45,0.58,10.5,5,"poor"
"337",337,8.9,0.43,0.45,1.9,0.052,6,16,0.9948,3.35,0.7,12.5,6,"fine"
"800",800,9.4,0.5,0.34,3.6,0.082,5,14,0.9987,3.29,0.52,10.7,6,"fine"
"581",581,12.3,0.5,0.49,2.2,0.089,5,14,1.0002,3.19,0.44,9.6,5,"poor"
"605",605,8.3,0.58,0.13,2.9,0.096,14,63,0.9984,3.17,0.62,9.1,6,"fine"
"1243",1243,9,0.4,0.41,2,0.058,15,40,0.99414,3.22,0.6,12.2,6,"fine"
"1520",1520,6.6,0.7,0.08,2.6,0.106,14,27,0.99665,3.44,0.58,10.2,5,"poor"
"790",790,8.6,0.63,0.17,2.9,0.099,21,119,0.998,3.09,0.52,9.3,5,"poor"
"1251",1251,7.1,0.6,0.01,2.3,0.079,24,37,0.99514,3.4,0.61,10.9,6,"fine"
"1569",1569,7,0.56,0.13,1.6,0.077,25,42,0.99629,3.34,0.59,9.2,5,"poor"
"1248",1248,7.4,0.55,0.19,1.8,0.082,15,34,0.99655,3.49,0.68,10.5,5,"poor"
"1",1,7.4,0.7,0,1.9,0.076,11,34,0.9978,3.51,0.56,9.4,5,"poor"
"1002",1002,9.9,0.35,0.38,1.5,0.058,31,47,0.99676,3.26,0.82,10.6,7,"fine"
"1576",1576,7.5,0.52,0.4,2.2,0.06,12,20,0.99474,3.26,0.64,11.8,6,"fine"
"64",64,7,0.735,0.05,2,0.081,13,54,0.9966,3.39,0.57,9.8,5,"poor"
"369",369,10.3,0.34,0.52,2.8,0.159,15,75,0.9998,3.18,0.64,9.4,5,"poor"
"268",268,7.9,0.35,0.46,3.6,0.078,15,37,0.9973,3.35,0.86,12.8,8,"fine"
"785",785,7.1,0.59,0.01,2.5,0.077,20,85,0.99746,3.55,0.59,9.8,5,"poor"
"1500",1500,6.9,0.74,0.03,2.3,0.054,7,16,0.99508,3.45,0.63,11.5,6,"fine"
"1356",1356,6.1,0.32,0.25,1.8,0.086,5,32,0.99464,3.36,0.44,10.1,5,"poor"
"1156",1156,8.3,0.6,0.25,2.2,0.118,9,38,0.99616,3.15,0.53,9.8,5,"poor"
"1543",1543,6.7,0.855,0.02,1.9,0.064,29,38,0.99472,3.3,0.56,10.75,6,"fine"
"314",314,8.6,0.47,0.3,3,0.076,30,135,0.9976,3.3,0.53,9.4,5,"poor"
"1112",1112,5.4,0.42,0.27,2,0.092,23,55,0.99471,3.78,0.64,12.3,7,"fine"
"1369",1369,8,0.77,0.32,2.1,0.079,16,74,0.99656,3.27,0.5,9.8,6,"fine"
"1377",1377,8.2,0.885,0.2,1.4,0.086,7,31,0.9946,3.11,0.46,10,5,"poor"
"1154",1154,9.6,0.42,0.35,2.1,0.083,17,38,0.99622,3.23,0.66,11.1,6,"fine"
"825",825,7.1,0.48,0.28,2.8,0.068,6,16,0.99682,3.24,0.53,10.3,5,"poor"
"570",570,6.2,0.36,0.24,2.2,0.095,19,42,0.9946,3.57,0.57,11.7,6,"fine"
"1345",1345,11.5,0.42,0.48,2.6,0.077,8,20,0.99852,3.09,0.53,11,5,"poor"
"231",231,5.2,0.48,0.04,1.6,0.054,19,106,0.9927,3.54,0.62,12.2,7,"fine"
"71",71,7.7,0.63,0.08,1.9,0.076,15,27,0.9967,3.32,0.54,9.5,6,"fine"
"745",745,11.1,0.39,0.54,2.7,0.095,21,101,1.0001,3.13,0.51,9.5,5,"poor"
"698",698,7,0.65,0.02,2.1,0.066,8,25,0.9972,3.47,0.67,9.5,6,"fine"
"207",207,12.8,0.3,0.74,2.6,0.095,9,28,0.9994,3.2,0.77,10.8,7,"fine"
"1563",1563,7.2,0.695,0.13,2,0.076,12,20,0.99546,3.29,0.54,10.1,5,"poor"
"1367",1367,7.3,0.74,0.08,1.7,0.094,10,45,0.99576,3.24,0.5,9.8,5,"poor"
"1181",1181,8.2,0.35,0.33,2.4,0.076,11,47,0.99599,3.27,0.81,11,6,"fine"
"69",69,9.3,0.32,0.57,2,0.074,27,65,0.9969,3.28,0.79,10.7,5,"poor"
"1137",1137,10.4,0.52,0.45,2,0.08,6,13,0.99774,3.22,0.76,11.4,6,"fine"
"835",835,8.8,0.685,0.26,1.6,0.088,16,23,0.99694,3.32,0.47,9.4,5,"poor"
"1429",1429,7.8,0.64,0,1.9,0.072,27,55,0.9962,3.31,0.63,11,5,"poor"
"1358",1358,7.3,0.43,0.24,2.5,0.078,27,67,0.99648,3.6,0.59,11.1,6,"fine"
"59",59,7.8,0.59,0.18,2.3,0.076,17,54,0.9975,3.43,0.59,10,5,"poor"
"595",595,7.9,0.72,0.17,2.6,0.096,20,38,0.9978,3.4,0.53,9.5,5,"poor"
"1139",1139,7.5,0.41,0.15,3.7,0.104,29,94,0.99786,3.14,0.58,9.1,5,"poor"
"363",363,11.9,0.58,0.66,2.5,0.072,6,37,0.9992,3.05,0.56,10,5,"poor"
"169",169,6.8,0.63,0.07,2.1,0.089,11,44,0.9953,3.47,0.55,10.4,6,"fine"
"575",575,10.6,0.34,0.49,3.2,0.078,20,78,0.9992,3.19,0.7,10,6,"fine"
"923",923,8.4,0.62,0.12,1.8,0.072,38,46,0.99504,3.38,0.89,11.8,6,"fine"
"902",902,7.4,0.635,0.1,2.4,0.08,16,33,0.99736,3.58,0.69,10.8,7,"fine"
"466",466,10,0.29,0.4,2.9,0.098,10,26,1.0006,3.48,0.91,9.7,5,"poor"
"526",526,10.4,0.64,0.24,2.8,0.105,29,53,0.9998,3.24,0.67,9.9,5,"poor"
"1162",1162,8.8,0.45,0.43,1.4,0.076,12,21,0.99551,3.21,0.75,10.2,6,"fine"
"1093",1093,7,0.54,0.09,2,0.081,10,16,0.99479,3.43,0.59,11.5,6,"fine"
"1284",1284,8.7,0.63,0.28,2.7,0.096,17,69,0.99734,3.26,0.63,10.2,6,"fine"
"747",747,8.2,0.34,0.38,2.5,0.08,12,57,0.9978,3.3,0.47,9,6,"fine"
"1262",1262,6.3,1.02,0,2,0.083,17,24,0.99437,3.59,0.55,11.2,4,"poor"
"1275",1275,7.8,0.58,0.13,2.1,0.102,17,36,0.9944,3.24,0.53,11.2,6,"fine"
"738",738,8.2,0.59,0,2.5,0.093,19,58,1.0002,3.5,0.65,9.3,6,"fine"
"1143",1143,6.9,0.45,0.11,2.4,0.043,6,12,0.99354,3.3,0.65,11.4,6,"fine"
"852",852,9.3,0.43,0.44,1.9,0.085,9,22,0.99708,3.28,0.55,9.5,5,"poor"
"992",992,7.1,0.34,0.28,2,0.082,31,68,0.99694,3.45,0.48,9.4,5,"poor"
"394",394,8.4,0.665,0.61,2,0.112,13,95,0.997,3.16,0.54,9.1,5,"poor"
"176",176,6.9,0.5,0.04,1.5,0.085,19,49,0.9958,3.35,0.78,9.5,5,"poor"
"739",739,9,0.46,0.23,2.8,0.092,28,104,0.9983,3.1,0.56,9.2,5,"poor"
"546",546,9.1,0.47,0.49,2.6,0.094,38,106,0.9982,3.08,0.59,9.1,5,"poor"
"1499",1499,6.6,0.895,0.04,2.3,0.068,7,13,0.99582,3.53,0.58,10.8,6,"fine"
"873",873,7.3,0.35,0.24,2,0.067,28,48,0.99576,3.43,0.54,10,4,"poor"
"1124",1124,10.7,0.4,0.37,1.9,0.081,17,29,0.99674,3.12,0.65,11.2,6,"fine"
"335",335,7.9,0.65,0.01,2.5,0.078,17,38,0.9963,3.34,0.74,11.7,7,"fine"
"895",895,7.2,0.63,0.03,2.2,0.08,17,88,0.99745,3.53,0.58,9.8,6,"fine"
"1159",1159,6.7,0.41,0.43,2.8,0.076,22,54,0.99572,3.42,1.16,10.6,6,"fine"
"1393",1393,7.1,0.62,0.06,1.3,0.07,5,12,0.9942,3.17,0.48,9.8,5,"poor"
"1560",1560,7.8,0.6,0.26,2,0.08,31,131,0.99622,3.21,0.52,9.9,5,"poor"
"474",474,9.9,0.35,0.55,2.1,0.062,5,14,0.9971,3.26,0.79,10.6,5,"poor"
"374",374,7.4,0.55,0.22,2.2,0.106,12,72,0.9959,3.05,0.63,9.2,5,"poor"
"80",80,8.3,0.625,0.2,1.5,0.08,27,119,0.9972,3.16,1.12,9.1,4,"poor"
"741",741,8.3,0.76,0.29,4.2,0.075,12,16,0.9965,3.45,0.68,11.5,6,"fine"
"72",72,7.7,0.67,0.23,2.1,0.088,17,96,0.9962,3.32,0.48,9.5,5,"poor"
"1585",1585,6.7,0.32,0.44,2.4,0.061,24,34,0.99484,3.29,0.8,11.6,7,"fine"
"436",436,12.3,0.39,0.63,2.3,0.091,6,18,1.0004,3.16,0.49,9.5,5,"poor"
"1423",1423,7,0.54,0,2.1,0.079,39,55,0.9956,3.39,0.84,11.4,6,"fine"
"9",9,7.8,0.58,0.02,2,0.073,9,18,0.9968,3.36,0.57,9.5,7,"fine"
"1424",1424,6.4,0.53,0.09,3.9,0.123,14,31,0.9968,3.5,0.67,11,4,"poor"
"1292",1292,8.2,0.635,0.1,2.1,0.073,25,60,0.99638,3.29,0.75,10.9,6,"fine"
"754",754,8.3,0.65,0.1,2.9,0.089,17,40,0.99803,3.29,0.55,9.5,5,"poor"
"21",21,8.9,0.22,0.48,1.8,0.077,29,60,0.9968,3.39,0.53,9.4,6,"fine"
"527",527,7.3,0.365,0.49,2.5,0.088,39,106,0.9966,3.36,0.78,11,5,"poor"
"241",241,8.9,0.635,0.37,1.7,0.263,5,62,0.9971,3,1.09,9.3,5,"poor"
"591",591,9,0.45,0.49,2.6,0.084,21,75,0.9987,3.35,0.57,9.7,5,"poor"
"866",866,7.2,0.635,0.07,2.6,0.077,16,86,0.99748,3.51,0.54,9.7,5,"poor"
"1227",1227,7.5,0.58,0.03,4.1,0.08,27,46,0.99592,3.02,0.47,9.2,5,"poor"
"97",97,6.8,0.775,0,3,0.102,8,23,0.9965,3.45,0.56,10.7,5,"poor"
"970",970,6.7,0.56,0.09,2.9,0.079,7,22,0.99669,3.46,0.61,10.2,5,"poor"
"379",379,11.4,0.625,0.66,6.2,0.088,6,24,0.9988,3.11,0.99,13.3,6,"fine"
"537",537,9.9,0.63,0.24,2.4,0.077,6,33,0.9974,3.09,0.57,9.4,5,"poor"
"282",282,7.7,0.27,0.68,3.5,0.358,5,10,0.9972,3.25,1.08,9.9,7,"fine"
"777",777,6.9,0.765,0.18,2.4,0.243,5.5,48,0.99612,3.4,0.6,10.3,6,"fine"
"1184",1184,6.8,0.66,0.07,1.6,0.07,16,61,0.99572,3.29,0.6,9.3,5,"poor"
"1577",1577,8,0.3,0.63,1.6,0.081,16,29,0.99588,3.3,0.78,10.8,6,"fine"
"83",83,7.4,0.5,0.47,2,0.086,21,73,0.997,3.36,0.57,9.1,5,"poor"
"942",942,9.9,0.27,0.49,5,0.082,9,17,0.99484,3.19,0.52,12.5,7,"fine"
"998",998,5.6,0.66,0,2.2,0.087,3,11,0.99378,3.71,0.63,12.8,7,"fine"
"48",48,8.7,0.29,0.52,1.6,0.113,12,37,0.9969,3.25,0.58,9.5,5,"poor"
"150",150,8.2,0.4,0.44,2.8,0.089,11,43,0.9975,3.53,0.61,10.5,6,"fine"
"773",773,9.5,0.57,0.27,2.3,0.082,23,144,0.99782,3.27,0.55,9.4,5,"poor"
"1590",1590,6.6,0.725,0.2,7.8,0.073,29,79,0.9977,3.29,0.54,9.2,5,"poor"
"553",553,9.5,0.46,0.24,2.7,0.092,14,44,0.998,3.12,0.74,10,6,"fine"
"371",371,6.9,0.765,0.02,2.3,0.063,35,63,0.9975,3.57,0.78,9.9,5,"poor"
"991",991,7.7,0.39,0.12,1.7,0.097,19,27,0.99596,3.16,0.49,9.4,5,"poor"
"405",405,7.7,0.69,0.05,2.7,0.075,15,27,0.9974,3.26,0.61,9.1,5,"poor"
"1080",1080,7.9,0.3,0.68,8.3,0.05,37.5,278,0.99316,3.01,0.51,12.3,7,"fine"
"1255",1255,7.8,0.7,0.06,1.9,0.079,20,35,0.99628,3.4,0.69,10.9,5,"poor"
"721",721,8.4,0.56,0.04,2,0.082,10,22,0.9976,3.22,0.44,9.6,5,"poor"
"158",158,7.1,0.43,0.42,5.5,0.071,28,128,0.9973,3.42,0.71,10.5,5,"poor"
"623",623,10,0.58,0.22,1.9,0.08,9,32,0.9974,3.13,0.55,9.5,5,"poor"
"245",245,15,0.21,0.44,2.2,0.075,10,24,1.00005,3.07,0.84,9.2,7,"fine"
"377",377,11.5,0.45,0.5,3,0.078,19,47,1.0003,3.26,1.11,11,6,"fine"
"230",230,6.9,0.52,0.25,2.6,0.081,10,37,0.99685,3.46,0.5,11,5,"poor"
"1272",1272,7.3,0.44,0.2,1.6,0.049,24,64,0.9935,3.38,0.57,11.7,6,"fine"
"155",155,7.1,0.43,0.42,5.5,0.07,29,129,0.9973,3.42,0.72,10.5,5,"poor"
"1054",1054,8.3,0.33,0.42,2.3,0.07,9,20,0.99426,3.38,0.77,12.7,7,"fine"
"554",554,5,1.04,0.24,1.6,0.05,32,96,0.9934,3.74,0.62,11.5,5,"poor"
"693",693,8.6,0.49,0.51,2,0.422,16,62,0.9979,3.03,1.17,9,5,"poor"
"234",234,6.9,0.52,0.25,2.6,0.081,10,37,0.99685,3.46,0.5,11,5,"poor"
"684",684,8.1,0.78,0.23,2.6,0.059,5,15,0.997,3.37,0.56,11.3,5,"poor"
"625",625,6.8,0.69,0,5.6,0.124,21,58,0.9997,3.46,0.72,10.2,5,"poor"
"11",11,6.7,0.58,0.08,1.8,0.097,15,65,0.9959,3.28,0.54,9.2,5,"poor"
"1497",1497,7.7,0.54,0.26,1.9,0.089,23,147,0.99636,3.26,0.59,9.7,5,"poor"
"166",166,7.8,0.63,0.48,1.7,0.1,14,96,0.9961,3.19,0.62,9.5,5,"poor"
"751",751,8.3,0.65,0.1,2.9,0.089,17,40,0.99803,3.29,0.55,9.5,5,"poor"
"1535",1535,6.6,0.56,0.14,2.4,0.064,13,29,0.99397,3.42,0.62,11.7,7,"fine"
"54",54,8.6,0.38,0.36,3,0.081,30,119,0.997,3.2,0.56,9.4,5,"poor"
"66",66,7.2,0.725,0.05,4.65,0.086,4,11,0.9962,3.41,0.39,10.9,5,"poor"
"1434",1434,6.1,0.4,0.16,1.8,0.069,11,25,0.9955,3.42,0.74,10.1,7,"fine"
"225",225,8.4,0.635,0.36,2,0.089,15,55,0.99745,3.31,0.57,10.4,4,"poor"
"442",442,11.9,0.4,0.65,2.15,0.068,7,27,0.9988,3.06,0.68,11.3,6,"fine"
"1201",1201,7.7,0.57,0.21,1.5,0.069,4,9,0.99458,3.16,0.54,9.8,6,"fine"
"164",164,7.4,0.6,0.26,7.3,0.07,36,121,0.9982,3.37,0.49,9.4,5,"poor"
"165",165,7.3,0.59,0.26,7.2,0.07,35,121,0.9981,3.37,0.49,9.4,5,"poor"
"1183",1183,10.2,0.4,0.4,2.5,0.068,41,54,0.99754,3.38,0.86,10.5,6,"fine"
"1242",1242,9.8,0.37,0.39,2.5,0.079,28,65,0.99729,3.16,0.59,9.8,5,"poor"
"1371",1371,8.7,0.78,0.51,1.7,0.415,12,66,0.99623,3,1.17,9.2,5,"poor"
"228",228,9,0.82,0.14,2.6,0.089,9,23,0.9984,3.39,0.63,9.8,5,"poor"
"1306",1306,7.5,0.61,0.26,1.9,0.073,24,88,0.99612,3.3,0.53,9.8,5,"poor"
"1238",1238,7.1,0.75,0.01,2.2,0.059,11,18,0.99242,3.39,0.4,12.8,6,"fine"
"484",484,10.6,0.36,0.6,2.2,0.152,7,18,0.9986,3.04,1.06,9.4,5,"poor"
"459",459,10.4,0.33,0.63,2.8,0.084,5,22,0.9998,3.26,0.74,11.2,7,"fine"
"948",948,8.3,0.28,0.48,2.1,0.093,6,12,0.99408,3.26,0.62,12.4,7,"fine"
"674",674,8.2,0.73,0.21,1.7,0.074,5,13,0.9968,3.2,0.52,9.5,5,"poor"
"172",172,8,0.42,0.17,2,0.073,6,18,0.9972,3.29,0.61,9.2,6,"fine"
"1161",1161,10.6,0.36,0.57,2.3,0.087,6,20,0.99676,3.14,0.72,11.1,7,"fine"
"656",656,9.7,0.55,0.17,2.9,0.087,20,53,1.0004,3.14,0.61,9.4,5,"poor"
"1066",1066,7.7,0.61,0.18,2.4,0.083,6,20,0.9963,3.29,0.6,10.2,6,"fine"
"1169",1169,6.5,0.34,0.27,2.8,0.067,8,44,0.99384,3.21,0.56,12,6,"fine"
"675",675,10.8,0.4,0.41,2.2,0.084,7,17,0.9984,3.08,0.67,9.3,6,"fine"
"1043",1043,8.9,0.5,0.21,2.2,0.088,21,39,0.99692,3.33,0.83,11.1,6,"fine"
"686",686,8.1,0.78,0.23,2.6,0.059,5,15,0.997,3.37,0.56,11.3,5,"poor"
"341",341,12.2,0.34,0.5,2.4,0.066,10,21,1,3.12,1.18,9.2,6,"fine"
"1364",1364,8,0.83,0.27,2,0.08,11,63,0.99652,3.29,0.48,9.8,4,"poor"
"520",520,7.3,0.365,0.49,2.5,0.088,39,106,0.9966,3.36,0.78,11,5,"poor"
"398",398,11.5,0.59,0.59,2.6,0.087,13,49,0.9988,3.18,0.65,11,6,"fine"
"1487",1487,6.8,0.68,0.21,2.1,0.07,9,23,0.99546,3.38,0.6,10.3,5,"poor"
"179",179,7,0.805,0,2.5,0.068,7,20,0.9969,3.48,0.56,9.6,5,"poor"
"267",267,8.1,0.87,0,3.3,0.096,26,61,1.00025,3.6,0.72,9.8,4,"poor"
"516",516,8.5,0.655,0.49,6.1,0.122,34,151,1.001,3.31,1.14,9.3,5,"poor"
"1431",1431,7.4,0.41,0.24,1.8,0.066,18,47,0.9956,3.37,0.62,10.4,5,"poor"
"227",227,8.9,0.59,0.5,2,0.337,27,81,0.9964,3.04,1.61,9.5,6,"fine"
"1444",1444,6.9,0.58,0.2,1.75,0.058,8,22,0.99322,3.38,0.49,11.7,5,"poor"
"280",280,8.9,0.4,0.32,5.6,0.087,10,47,0.9991,3.38,0.77,10.5,7,"fine"
"1528",1528,7.1,0.53,0.07,1.7,0.071,15,24,0.9951,3.29,0.66,10.8,6,"fine"
"925",925,8.6,0.47,0.27,2.3,0.055,14,28,0.99516,3.18,0.8,11.2,5,"poor"
"1086",1086,6.8,0.48,0.08,1.8,0.074,40,64,0.99529,3.12,0.49,9.6,5,"poor"
"1471",1471,10,0.69,0.11,1.4,0.084,8,24,0.99578,2.88,0.47,9.7,5,"poor"
"578",578,8.8,0.44,0.49,2.8,0.083,18,111,0.9982,3.3,0.6,9.5,5,"poor"
"733",733,7.3,0.835,0.03,2.1,0.092,10,19,0.9966,3.39,0.47,9.6,5,"poor"
"1007",1007,9.1,0.29,0.33,2.05,0.063,13,27,0.99516,3.26,0.84,11.7,7,"fine"
"1247",1247,7.4,0.74,0.07,1.7,0.086,15,48,0.99502,3.12,0.48,10,5,"poor"
"748",748,8.6,0.33,0.4,2.6,0.083,16,68,0.99782,3.3,0.48,9.4,5,"poor"
"34",34,6.9,0.605,0.12,10.7,0.073,40,83,0.9993,3.45,0.52,9.4,6,"fine"
"924",924,6.8,0.41,0.31,8.8,0.084,26,45,0.99824,3.38,0.64,10.1,6,"fine"
"1492",1492,5.6,0.54,0.04,1.7,0.049,5,13,0.9942,3.72,0.58,11.4,5,"poor"
"1040",1040,8.9,0.5,0.21,2.2,0.088,21,39,0.99692,3.33,0.83,11.1,6,"fine"
"1079",1079,8.6,0.37,0.65,6.4,0.08,3,8,0.99817,3.27,0.58,11,5,"poor"
"418",418,7,0.58,0.12,1.9,0.091,34,124,0.9956,3.44,0.48,10.5,5,"poor"
"136",136,8.4,0.745,0.11,1.9,0.09,16,63,0.9965,3.19,0.82,9.6,5,"poor"
"139",139,7.8,0.56,0.19,2.1,0.081,15,105,0.9962,3.33,0.54,9.5,5,"poor"
"920",920,8.4,0.62,0.12,1.8,0.072,38,46,0.99504,3.38,0.89,11.8,6,"fine"
"766",766,9.2,0.67,0.1,3,0.091,12,48,0.99888,3.31,0.54,9.5,6,"fine"
"934",934,7.4,0.61,0.01,2,0.074,13,38,0.99748,3.48,0.65,9.8,5,"poor"
"326",326,10,0.49,0.2,11,0.071,13,50,1.0015,3.16,0.69,9.2,6,"fine"
"1493",1493,6.2,0.65,0.06,1.6,0.05,6,18,0.99348,3.57,0.54,11.95,5,"poor"
"680",680,10.8,0.26,0.45,3.3,0.06,20,49,0.9972,3.13,0.54,9.6,5,"poor"
"25",25,6.9,0.4,0.14,2.4,0.085,21,40,0.9968,3.43,0.63,9.7,6,"fine"
"365",365,12.8,0.615,0.66,5.8,0.083,7,42,1.0022,3.07,0.73,10,7,"fine"
"244",244,15,0.21,0.44,2.2,0.075,10,24,1.00005,3.07,0.84,9.2,7,"fine"
"333",333,8,0.58,0.28,3.2,0.066,21,114,0.9973,3.22,0.54,9.4,6,"fine"
"73",73,7.7,0.69,0.22,1.9,0.084,18,94,0.9961,3.31,0.48,9.5,5,"poor"
"1168",1168,8.2,0.33,0.39,2.5,0.074,29,48,0.99528,3.32,0.88,12.4,7,"fine"
"1583",1583,6.1,0.715,0.1,2.6,0.053,13,27,0.99362,3.57,0.5,11.9,5,"poor"
"1131",1131,9.1,0.6,0,1.9,0.058,5,10,0.9977,3.18,0.63,10.4,6,"fine"
"599",599,8.5,0.585,0.18,2.1,0.078,5,30,0.9967,3.2,0.48,9.8,6,"fine"
"131",131,8,0.745,0.56,2,0.118,30,134,0.9968,3.24,0.66,9.4,5,"poor"
"900",900,8.3,1.02,0.02,3.4,0.084,6,11,0.99892,3.48,0.49,11,3,"poor"
"551",551,6.8,0.51,0.01,2.1,0.074,9,25,0.9958,3.33,0.56,9.5,6,"fine"
"313",313,9,0.46,0.31,2.8,0.093,19,98,0.99815,3.32,0.63,9.5,6,"fine"
"823",823,6.7,0.54,0.13,2,0.076,15,36,0.9973,3.61,0.64,9.8,5,"poor"
"133",133,5.6,0.5,0.09,2.3,0.049,17,99,0.9937,3.63,0.63,13,5,"poor"
"351",351,10.7,0.67,0.22,2.7,0.107,17,34,1.0004,3.28,0.98,9.9,6,"fine"
"836",836,7.6,0.665,0.1,1.5,0.066,27,55,0.99655,3.39,0.51,9.3,5,"poor"
"559",559,10.9,0.53,0.49,4.6,0.118,10,17,1.0002,3.07,0.56,11.7,6,"fine"
"184",184,6.8,0.61,0.2,1.8,0.077,11,65,0.9971,3.54,0.58,9.3,5,"poor"
"592",592,6.6,0.39,0.49,1.7,0.07,23,149,0.9922,3.12,0.5,11.5,6,"fine"
"22",22,7.6,0.39,0.31,2.3,0.082,23,71,0.9982,3.52,0.65,9.7,5,"poor"
"315",315,7.4,0.36,0.29,2.6,0.087,26,72,0.99645,3.39,0.68,11,5,"poor"
"272",272,11.5,0.18,0.51,4,0.104,4,23,0.9996,3.28,0.97,10.1,6,"fine"
"130",130,6.1,0.38,0.15,1.8,0.072,6,19,0.9955,3.42,0.57,9.4,5,"poor"
"441",441,12.6,0.31,0.72,2.2,0.072,6,29,0.9987,2.88,0.82,9.8,8,"fine"
"121",121,7.3,1.07,0.09,1.7,0.178,10,89,0.9962,3.3,0.57,9,5,"poor"
"569",569,9.8,0.5,0.49,2.6,0.25,5,20,0.999,3.31,0.79,10.7,6,"fine"
"490",490,9.3,0.39,0.4,2.6,0.073,10,26,0.9984,3.34,0.75,10.2,6,"fine"
"249",249,7.7,0.53,0.06,1.7,0.074,9,39,0.99615,3.35,0.48,9.8,6,"fine"
"107",107,7.8,0.41,0.68,1.7,0.467,18,69,0.9973,3.08,1.31,9.3,5,"poor"
"197",197,7.3,0.58,0.3,2.4,0.074,15,55,0.9968,3.46,0.59,10.2,5,"poor"
"157",157,7.1,0.43,0.42,5.5,0.07,29,129,0.9973,3.42,0.72,10.5,5,"poor"
"540",540,11.2,0.5,0.74,5.15,0.1,5,17,0.9996,3.22,0.62,11.2,5,"poor"
"538",538,8.1,0.825,0.24,2.1,0.084,5,13,0.9972,3.37,0.77,10.7,6,"fine"
"1397",1397,8.7,0.675,0.1,1.6,0.09,4,11,0.99745,3.31,0.65,9.55,5,"poor"
"1401",1401,7.9,0.69,0.21,2.1,0.08,33,141,0.9962,3.25,0.51,9.9,5,"poor"
"1224",1224,10.5,0.36,0.47,2.2,0.074,9,23,0.99638,3.23,0.76,12,6,"fine"
"535",535,10,0.48,0.24,2.7,0.102,13,32,1,3.28,0.56,10,6,"fine"
"1529",1529,7.9,0.29,0.49,2.2,0.096,21,59,0.99714,3.31,0.67,10.1,6,"fine"
"47",47,7.7,0.935,0.43,2.2,0.114,22,114,0.997,3.25,0.73,9.2,5,"poor"
"1337",1337,6,0.5,0,1.4,0.057,15,26,0.99448,3.36,0.45,9.5,5,"poor"
"1005",1005,8.2,0.43,0.29,1.6,0.081,27,45,0.99603,3.25,0.54,10.3,5,"poor"
"959",959,6.4,0.57,0.12,2.3,0.12,25,36,0.99519,3.47,0.71,11.3,7,"fine"
"294",294,6.9,0.36,0.25,2.4,0.098,5,16,0.9964,3.41,0.6,10.1,6,"fine"
"803",803,5.1,0.585,0,1.7,0.044,14,86,0.99264,3.56,0.94,12.9,7,"fine"
"1000",1000,6.4,0.69,0,1.65,0.055,7,12,0.99162,3.47,0.53,12.9,6,"fine"
"391",391,5.6,0.85,0.05,1.4,0.045,12,88,0.9924,3.56,0.82,12.9,8,"fine"
"760",760,8.8,0.42,0.21,2.5,0.092,33,88,0.99823,3.19,0.52,9.2,5,"poor"
"928",928,8.4,0.67,0.19,2.2,0.093,11,75,0.99736,3.2,0.59,9.2,4,"poor"
"486",486,10.2,0.67,0.39,1.9,0.054,6,17,0.9976,3.17,0.47,10,5,"poor"
"1237",1237,7.8,0.55,0,1.7,0.07,7,17,0.99659,3.26,0.64,9.4,6,"fine"
"1048",1048,7.1,0.43,0.17,1.8,0.082,27,51,0.99634,3.49,0.64,10.4,5,"poor"
"1027",1027,7.9,0.31,0.32,1.9,0.066,14,36,0.99364,3.41,0.56,12.6,6,"fine"
"1503",1503,7.3,0.585,0.18,2.4,0.078,15,60,0.99638,3.31,0.54,9.8,5,"poor"
"1365",1365,7.2,0.605,0.02,1.9,0.096,10,31,0.995,3.46,0.53,11.8,6,"fine"
"1025",1025,7.7,0.58,0.01,1.8,0.088,12,18,0.99568,3.32,0.56,10.5,7,"fine"
"1352",1352,7.2,0.62,0.01,2.3,0.065,8,46,0.99332,3.32,0.51,11.8,6,"fine"
"425",425,7.7,0.96,0.2,2,0.047,15,60,0.9955,3.36,0.44,10.9,5,"poor"
"16",16,8.9,0.62,0.19,3.9,0.17,51,148,0.9986,3.17,0.93,9.2,5,"poor"
"1078",1078,8.6,0.37,0.65,6.4,0.08,3,8,0.99817,3.27,0.58,11,5,"poor"
"1195",1195,7,0.745,0.12,1.8,0.114,15,64,0.99588,3.22,0.59,9.5,6,"fine"
"1042",1042,6.9,0.49,0.19,1.7,0.079,13,26,0.99547,3.38,0.64,9.8,6,"fine"
"566",566,12.7,0.6,0.49,2.8,0.075,5,19,0.9994,3.14,0.57,11.4,5,"poor"
"1011",1011,8.9,0.28,0.45,1.7,0.067,7,12,0.99354,3.25,0.55,12.3,7,"fine"
"1287",1287,7.1,0.16,0.44,2.5,0.068,17,31,0.99328,3.35,0.54,12.4,6,"fine"
"1134",1134,7.2,0.48,0.07,5.5,0.089,10,18,0.99684,3.37,0.68,11.2,7,"fine"
"1221",1221,10.9,0.32,0.52,1.8,0.132,17,44,0.99734,3.28,0.77,11.5,6,"fine"
"87",87,8.6,0.49,0.28,1.9,0.11,20,136,0.9972,2.93,1.95,9.9,6,"fine"
"867",867,6.8,0.49,0.22,2.3,0.071,13,24,0.99438,3.41,0.83,11.3,6,"fine"
"659",659,7.2,0.52,0.07,1.4,0.074,5,20,0.9973,3.32,0.81,9.6,6,"fine"
"1336",1336,6.6,0.58,0.02,2.4,0.069,19,40,0.99387,3.38,0.66,12.6,6,"fine"
"221",221,7.8,0.34,0.37,2,0.082,24,58,0.9964,3.34,0.59,9.4,6,"fine"
"817",817,9.8,0.51,0.19,3.2,0.081,8,30,0.9984,3.23,0.58,10.5,6,"fine"
"826",826,7.1,0.46,0.14,2.8,0.076,15,37,0.99624,3.36,0.49,10.7,5,"poor"
"562",562,9,0.44,0.49,2.4,0.078,26,121,0.9978,3.23,0.58,9.2,5,"poor"
"950",950,8.9,0.12,0.45,1.8,0.075,10,21,0.99552,3.41,0.76,11.9,7,"fine"
"342",342,10.6,0.42,0.48,2.7,0.065,5,18,0.9972,3.21,0.87,11.3,6,"fine"
"583",583,11.7,0.49,0.49,2.2,0.083,5,15,1,3.19,0.43,9.2,5,"poor"
"289",289,8.7,0.52,0.09,2.5,0.091,20,49,0.9976,3.34,0.86,10.6,7,"fine"
"1580",1580,6.2,0.56,0.09,1.7,0.053,24,32,0.99402,3.54,0.6,11.3,5,"poor"
"976",976,7.2,0.41,0.3,2.1,0.083,35,72,0.997,3.44,0.52,9.4,5,"poor"
"1418",1418,7.3,0.34,0.33,2.5,0.064,21,37,0.9952,3.35,0.77,12.1,7,"fine"
"774",774,7.9,0.4,0.29,1.8,0.157,1,44,0.9973,3.3,0.92,9.5,6,"fine"
"1509",1509,7.1,0.27,0.6,2.1,0.074,17,25,0.99814,3.38,0.72,10.6,6,"fine"
"914",914,9.4,0.395,0.46,4.6,0.094,3,10,0.99639,3.27,0.64,12.2,7,"fine"
"1545",1545,8.4,0.37,0.43,2.3,0.063,12,19,0.9955,3.17,0.81,11.2,7,"fine"
"1413",1413,8.2,0.24,0.34,5.1,0.062,8,22,0.9974,3.22,0.94,10.9,6,"fine"
"355",355,6.1,0.21,0.4,1.4,0.066,40.5,165,0.9912,3.25,0.59,11.9,6,"fine"
"683",683,8.5,0.46,0.31,2.25,0.078,32,58,0.998,3.33,0.54,9.8,5,"poor"
"982",982,9.5,0.86,0.26,1.9,0.079,13,28,0.99712,3.25,0.62,10,5,"poor"
"917",917,5.3,0.715,0.19,1.5,0.161,7,62,0.99395,3.62,0.61,11,5,"poor"
